x-tsne,y-tsne,sample_index
14.01361817443745,-18.8813310403628,716
-13.012073442919968,3.2327178730351944,3211
-8.810508371320736,18.709883271989312,2862
10.22088028317387,1.4155259254966468,1647
14.417055359121692,19.647847715867737,591
11.99079316669238,5.93318804094197,996
-12.79115046485054,-21.314906794257166,2428
-20.6339732285434,2.437585653561853,1259
-14.821637264104224,2.755135606727334,3373
19.91726583653577,6.248617457352063,2056
10.119954606996254,-18.059423725799377,1863
-6.7556635666612435,5.7602586007939705,3445
8.514521016074543,18.796080225595443,2749
9.629399409815337,-14.720213711220758,1891
10.29500662117532,1.3000755630137548,1859
-6.830550243394137,10.148106693632071,1668
11.686775170014972,-6.226266741538013,2372
-12.022441849908905,13.780365075227365,921
-10.805927864484426,-0.20978183327877634,3969
-19.292351555688686,15.052696491693847,3399
-1.5492195164290479,16.98799129321861,600
-10.632004457485452,28.52610055447798,1673
-6.655499433741623,8.466887792739566,3248
-9.471189190073742,-2.7735966187974563,4124
-6.526444571554267,4.39320075782955,1420
2.6813980079573145,-14.996427062256494,2633
10.973242410116187,-5.355337886612638,3936
19.936516292360864,6.1947067327331,3405
17.70347924593257,-14.048631225900772,234
1.4886663718473607,-16.119361248860255,4126
6.974066193876482,8.503539730427452,679
6.39211255895254,14.922494811840746,1143
-0.02864021675336111,15.81553830527322,159
-1.4159153936930697,12.580834867655948,498
-21.29895374564255,4.430057716048719,2489
16.786725325181415,4.771063183818646,1246
7.35648720104458,0.7215204802326926,2889
20.751237249398894,-6.618849306107796,3552
9.648530320750236,-10.183029872616737,2452
-12.068806663033655,-19.445909981916362,4161
0.6088588966138704,-21.26605176107975,2376
3.5485102946583886,-0.4634298231154474,683
-13.109799445102519,10.61137748493662,2866
-0.4023627604392557,-6.861195166026128,3036
17.223438621550287,11.855572207921655,3380
-24.764484294008188,-2.1368916679680616,2346
-4.366908855242787,-9.029983994214536,3027
14.210827202748304,-1.5793966237592505,82
12.171224868855884,-0.8701585808664095,1728
11.353054137265577,-0.75875000138326,55
-9.396581535077981,17.773952052148807,1559
-3.9078926226253374,18.16084187690687,3870
11.855189356934737,8.30439116649771,3919
14.674700651248811,-1.6652320684054431,1379
20.317227799006307,-6.811393399460889,3610
-2.5809373667499953,-13.510820767825246,2546
-6.588828663689867,7.067304194758365,3443
-16.579962284317496,4.853625252271321,3737
-21.526227288071986,4.457314653747832,2592
5.374204564045422,16.78641994669282,1182
-2.5039607485170277,-10.95520287576926,2900
13.025543899677068,-2.087101272532667,1937
-14.32357242707821,-14.290763471173465,3417
17.594844742345984,-14.201263042077967,267
-2.5959996468235813,-20.518070973730488,74
1.1071415502360833,-10.517147403615596,3962
-10.15483487705756,-9.935050893460122,2523
4.042915763807411,-17.99530618466041,3696
14.796274543795196,-18.185964791421963,665
8.52454775406976,18.7981197332607,2997
0.7422720248295427,-22.744397723978672,927
-5.455552675776321,21.165203164184383,2785
-3.503906996346158,4.879482539512766,729
9.874380764488352,1.4068296600825998,326
-2.11064088566054,-21.263642455023316,2236
6.947969966553567,0.6648557296804344,2162
9.220759108806252,4.5265458596537895,595
14.677905038282237,19.17418254884867,532
20.139087736219608,-7.172265869115153,3692
13.028244880338969,-19.9877695253884,827
11.438714838775613,-5.961028639307605,1627
10.961452423552318,-5.495850953755488,1220
-16.012474385801653,17.079344898898462,382
14.210839902816065,-5.756924124558157,3857
-8.136447361790783,19.421787516499222,2769
-8.396329723906973,24.985616358279483,4107
5.920529596878568,-2.4216861765988718,900
-1.0812632098642414,1.4577778062446503,2161
7.9864163974214195,-6.292037044918523,3264
-0.43122948996860677,-15.362348002166646,4152
-16.177138639086554,4.732010915947113,3704
10.408075243491549,7.986991797199689,1615
17.66702016809643,-14.099412920894002,236
15.395711862480505,-17.58645783863283,601
3.1267536334223864,-3.455631790599933,3806
12.991700804418821,-6.619698040143364,3328
-11.245737659339781,-21.073657565008382,2204
8.522575093526848,18.79771635768107,2947
-18.362618792387195,-5.327858233798397,953
-9.721596330893924,17.205993436305093,1455
20.930805225697803,-6.50525188376913,3449
10.331692027760917,-10.844774784901777,2919
9.674956868024566,1.4511837442861955,3680
-2.8626680968248386,-13.79275406406886,1201
15.259444045605635,-2.136704191354275,1468
-14.366910939016126,-4.264224945589704,1027
-8.99072493861751,-0.5981216285000741,465
-4.8648903079834644,-10.048435149860342,3254
-2.6125299829024855,19.77872876131135,135
1.1480923558177778,-7.256220246578974,1285
-13.594238603531378,1.700683778822708,3221
-11.506297668010605,24.410585758594518,1448
-12.766261297999637,-21.24322329071954,2640
-19.993758136365656,-10.117068778749783,951
17.131840157001037,5.462581322204888,3814
4.73816195726399,11.959063309737262,5
11.317305457601814,-1.0918328458047761,2420
-14.506889217413107,-3.9732557357275593,702
-16.94748280038936,16.56950455474403,2180
-20.63530530974405,2.444467890276395,1318
0.3801150855010484,11.54058572725512,1422
-0.2321055896621491,-3.965847815513354,2479
-9.148731854184147,-2.203077742458823,2550
-11.081144671541661,-21.58519646252629,2010
7.192656057065248,-6.196040111866743,3534
-8.032507097989292,-3.1767263138188158,3309
19.721418293338157,5.945698811527015,2534
-6.531622401281067,6.978424198719149,1624
-0.2939658143792865,14.470848493541265,556
-2.5280350182944415,-11.235660279859362,3311
9.902419278686164,19.14766160754373,4115
-1.4062447748665767,-15.591528666260082,873
-14.264111328756806,-6.33868341582754,861
5.490650689637704,-6.076765760824166,3628
19.972769490328574,6.172812984960245,3554
-3.9346463728019274,18.731924582459897,857
2.717915099937229,-15.468405786907553,2603
4.992406229839106,0.624064170587791,518
20.06247001435229,13.16874277917359,3964
19.636040068872628,6.318677708669693,3508
-19.926442329431147,-9.733117773615884,447
17.336371591144932,11.932841755466884,3084
8.903348569796814,-9.674768424289693,1509
19.157336313730507,2.3176575314132335,2928
-6.777675180996517,5.721920924810192,2824
14.483857247690503,-5.924722035014067,524
19.981497653390765,4.874555990290146,578
13.496213968635729,7.990233155343521,1424
15.377069956029212,-17.610682193028477,604
11.272812092677711,8.22358761588066,3777
9.740723296673881,-2.27570178554868,2025
-11.367071467654254,-20.808321425551465,2342
0.7529231867181465,-19.60611909490848,153
6.73259766762454,21.988366847007594,229
2.897422174027279,-11.072073419942502,1947
-16.37182232020856,4.79489589527503,2728
-6.935822353169779,9.996039608993723,1649
6.479670040093091,0.7354210784775016,2805
0.1558617173658011,13.579625368617554,3767
19.427601395376772,14.096088386628473,2816
-17.74319190645967,-4.460272188650489,1732
6.6898316478837145,1.4081368490275508,124
0.47231876762706093,-1.072160285999886,2066
-3.726114880409348,-0.14904127229534178,2526
7.061213041636218,0.2020552808364036,2228
0.21622762791270378,3.9145228386620126,997
-4.390108105503533,19.147380304614558,67
-24.876200708606234,-2.1347585455720455,3886
-2.8757366104177358,-11.326243184194006,3384
-12.089969093940427,22.90666041487461,2778
16.791960162563957,7.439538461783124,501
-12.62936900711864,-13.139609743050825,3231
-6.148601139486951,2.7337791585574114,1706
13.62234913501568,-4.275169724838993,2636
-23.755028345473868,-2.4255923455830604,412
10.1314639568392,3.3931454834422743,3453
5.657330405212359,-1.5929995321196195,848
-6.518198575546786,5.06888569730982,2243
18.88069868856298,6.348653838616539,2406
-18.48498735743519,-5.893353086941563,561
-8.319608853780073,-14.01075030752951,869
19.861909332966484,4.33120249698892,1158
7.748991865705601,-8.6976832164485,3189
5.6071408083687775,-17.940228829840905,1834
-15.04316719175199,-13.009570437907302,1617
1.2568871265155328,-7.32889680442692,4192
4.059268603552314,-12.575608720533015,3312
-8.770409447780448,-15.49842334586172,1062
-4.9624887587678135,-4.625997887194541,978
-8.615452748961744,18.950487273696204,2565
10.155558373725691,-9.875695744902767,529
8.700375771045405,-8.952818760663694,2656
6.3409468444384585,-17.461831885578395,3279
-6.567075899279419,3.490920628043553,4062
0.5150016921204362,-21.24877503327636,1436
-4.886098665811405,-12.474084912793607,3011
10.371847496453858,-10.961710582609875,2555
1.888651069922838,-15.344492232052446,1592
17.949920191896254,3.4679564678920927,1329
9.766794707856459,-11.663556417062962,1659
-19.278877811201674,14.999211420707493,3040
-24.76837196120882,-1.9982953327773352,2442
-18.232692131315595,-7.470670581334853,791
-17.699860577464108,-7.808320954365724,682
-9.847994624413003,10.125616634114591,1540
14.78381793954238,-4.203997933675768,3898
-2.286173743359248,-2.5488050043878574,3638
-11.699556801569637,24.656002448686074,3914
-0.47896870371577294,12.328056364766175,3945
-1.4711706952395827,16.70934345988454,478
17.34266565289486,11.93682604559454,3120
11.047186434227815,-9.466514363189631,1698
0.656869790782285,6.177262265102656,3797
-0.8752165200448069,-6.542553516802342,2955
-10.074322746996145,10.262820069158623,139
-3.468462243116586,-20.225432922226847,630
16.739519374712913,3.479569384404743,2859
-18.153670578057007,-6.743484166072797,800
0.7673823450554885,-21.164852047597336,586
-12.089971972579466,22.90665700408328,2777
20.869734277060292,-3.8428975886693717,3837
9.236328944915888,-9.879753845629558,441
11.70555472522738,12.867171511942692,2171
-2.6125617707612125,19.778226029176615,367
-19.959941468374605,-9.806860174514737,1114
6.423671867610251,-2.247609209707699,901
-1.3721824509774305,-19.60596394459086,3596
2.640710238980498,4.494457708876316,2903
-15.265408091237653,-7.283391177162275,700
-1.8901530960620818,12.955209980559857,204
-11.46134920142189,25.012221609632878,1640
9.901948127542232,3.77619227871921,1709
14.282471575304985,-5.672540591388976,2936
10.821710916806015,-9.640582064885022,3718
-19.288479887540895,15.038562164951264,3289
-0.4177710627611018,-14.743222205533893,3908
4.620210176646816,18.586904296843166,785
14.751355998566748,19.02285610600222,531
-19.253813336454744,13.951518767900591,2855
4.335709717354304,13.833814974981815,1846
17.223556500395198,6.047897243729259,193
0.0835688870580919,6.860112437347216,3885
1.130651292428091,-15.647935144758854,3990
10.943363429558083,-1.4221071563433914,400
0.8038237173277638,-15.102094547484718,3249
-8.39229226653038,18.62595917095327,2263
1.8343165355355864,-13.719923580406705,2626
-10.761300623172888,-9.64736589029228,786
-10.028838967473462,16.638721114772867,573
12.690403916407977,-20.45800866023974,883
-11.502142338401692,24.410214394597954,1340
-10.097304695562244,16.51847176397246,4100
-7.92497000654018,24.90484270129209,2041
4.757512652522143,2.1193131526500344,2069
-20.634153230326223,2.437626196032773,1288
-5.716532208886121,-16.849074832379614,2676
-14.857454917933154,-13.072540691893852,3395
-1.802924119528548,-15.120424223044417,582
4.43366315474963,6.2342489797510146,870
20.030149180303905,-7.454415528122978,3769
-16.27513227236603,1.7091613546550766,1832
-8.069051979987853,-16.413936909708358,2832
9.902588025254119,19.14773217304304,4134
7.172839723974677,-2.5891043995378893,1032
-9.37726708195306,-10.503914249220212,3466
3.0481727371218,-3.5028625625512873,1708
4.406449175277605,6.112702383695775,814
-20.633366525242646,2.4356847301675404,1219
-11.25128514156332,-0.19303925762046123,3061
13.409612381859567,-19.523403781439292,782
9.270966373760503,4.475654796041464,1924
-5.67919022073064,5.946781761638329,118
4.346888995978304,11.82671245752249,9
18.01063740940953,3.9035491862721776,4149
-9.063495330994288,9.984274691826272,2514
14.415804564178337,19.64765565599847,593
-11.204391900150643,-21.19011524423987,2157
4.271110787416011,13.948114252430635,558
-0.2961076147457262,-20.557558762122273,1478
-18.2433294452588,-5.366735239663249,1148
14.23023816970152,6.637431218707836,2035
-4.713220879039851,-9.52340032069762,2822
-9.546539783619835,-10.206306406526155,754
2.580016274592101,-10.0238036325607,1068
-20.943946383185946,4.376545890283728,2339
-14.738499678910552,-7.759805004225128,2378
-14.143312473649258,-13.821869352581462,536
9.037424181493089,4.710908915081727,3952
-5.584242925173425,4.1784029556134845,3712
-14.380602197316504,-13.758595439283072,3134
-11.00226791552348,15.121308493903346,1726
-5.329296888395653,2.326070177111618,3742
-4.691146048249061,-7.679438273762645,3017
14.680542948459161,19.695403921650698,284
18.099783049456107,12.423108586306272,2878
1.4393351091352335,8.268660305959711,1779
20.09271234735777,13.120532263938049,4067
5.573335669024277,-17.964213541441318,2986
-6.2078134181748785,6.44767319979062,3793
-8.938342758582037,-6.448102500111072,2091
0.5774682867785222,7.0957250796996325,3301
16.011134757874643,-16.55722523522493,493
-4.523080805391708,-9.161307363324166,3939
-7.050817993037325,18.831755941250645,167
-0.10210210233090915,-6.87621413847463,3947
-1.9810377643647132,2.148839258863911,1446
-11.453753582043355,-9.37262893755815,256
17.747318235290898,6.545545516122617,669
0.8304795480781386,5.566454715608119,1335
6.503884203756029,-16.636857817849638,2202
-7.540684401733957,-15.902442752797374,637
1.8205658647867344,-1.6671276553401893,1516
-7.742533373887412,-1.8569721077545693,1273
-2.2608702902170195,0.02738777081959979,2970
-9.178549591236282,-6.440333872627136,1001
-21.532818574862745,4.45811231712923,2595
19.92957079064972,13.373574939536205,3579
-7.361929403537231,5.183526527629105,2144
17.66880917837761,-14.096975261329954,235
17.31841242695667,5.077624785104759,2493
-11.504745143255535,24.411384493507654,1411
-2.4294525419183626,-2.79129118393979,3773
-8.901831635539002,21.610210520857468,123
-0.18330685296442661,-6.544646110536838,2844
-10.987005217187267,-21.91103122462359,1852
19.815614044175327,6.268478113148843,4010
5.60618416757589,2.132821499408006,2164
-6.034507709705042,2.3543158904108323,3111
9.926427275545844,-9.209902256894946,8
-8.627420056629859,-15.776223449691313,3487
11.878263669486781,-0.8219238094750373,1336
4.4547511893940435,19.15160160011918,1211
14.977368600381242,13.698297834306517,4081
14.584509635655872,19.374344552350372,534
3.599932819270851,18.336280276213454,1119
-5.968989507097505,-10.897310921670122,2772
-12.686933103173303,-20.773058019554416,3648
7.033769557438524,-6.207359135870784,1444
-18.728453800843166,-4.735341610856444,1131
-13.276332789096779,-7.775095319176998,1717
10.760915003863671,-2.7015007109732445,813
-6.339109283195504,7.234756330825955,2250
17.603031924808292,-14.189677584019305,264
-6.148220872141771,3.7734212083030365,1382
19.417051817604726,14.109007130495291,2858
-2.6125721473008725,19.778118564498428,425
9.220608082761157,-8.992934468104234,27
12.686365279859148,-20.46425781722269,884
-18.522315919502645,-8.18503749844515,680
-13.410135994931721,-13.114274527465595,423
9.478958105007697,-10.422307679854597,3946
-7.450197231074782,18.91606039495922,386
20.102969612303916,13.104067625724822,4101
-14.433437167895926,-13.670109222001065,3145
21.616951355220735,5.057573913631119,2980
13.369052519644596,-4.179586373149448,2688
19.38733036602242,14.15753426314083,2665
-8.989139919164678,-1.3696595505988678,1449
-6.120632217184148,2.5135116858536226,4063
12.11719722540305,5.6474067341131065,693
9.486088301547381,1.4073886713730257,4042
20.037309610111432,13.208352882748667,3881
-11.463778518364956,25.011796372594517,1710
-17.625799292043045,-4.369385715447921,1231
9.623313159356808,-14.725956700978145,1837
-1.6825211939320912,12.199844793343345,3352
-8.251409915371225,-14.005510330797042,1972
21.01689574399023,14.944225193894724,3787
-14.410241489230557,-4.0483785386954425,1147
-20.792278865227303,-9.494539947280744,988
-16.278651638711416,4.8100214441058595,1526
1.3127802876427774,8.593895827900578,3897
0.498072789894461,-21.466154942805577,21
-8.420640955384668,-16.531441855406282,3983
-15.02774761214277,-12.539028204107305,1
6.419688446190697,15.252719882535335,897
-6.775746989510839,20.653067145848446,2687
-2.294866669295557,0.029486437897985992,1547
2.8335201418776164,-11.817595004165117,2209
-8.691061102982776,-16.117420193613444,3763
2.873891546827331,-10.759187678311328,2293
17.286525998204148,6.10317087456089,3899
2.5556958146514996,4.8522386207061325,2904
3.9643727136543987,2.2841306612378336,1911
2.8110154771200424,4.899952787164849,2226
-2.935521646608057,-20.85309427397055,2284
-15.381276951902656,4.8372952684279955,4108
-2.577314579032894,-11.243727883834065,1457
-6.642236213144466,8.182886695366827,4031
-0.4175175018433528,-6.845123365427212,3402
9.902461149572916,19.1476779195302,4121
-11.081606596489536,-21.588357379102657,2008
-11.462544677369543,25.009396595946335,1674
-11.700780109067662,24.659656220789163,3917
0.22730640289534798,-16.79200400824788,45
2.549057771986601,-12.698939223491793,2446
-11.106331411429712,-0.4872970591329408,3441
-1.7375880711135974,17.354824538635736,170
-11.996730471960625,13.811491791412482,313
14.787157158092112,-1.7297330384302274,1580
12.879852666822037,-16.576376303162785,658
-3.1606116347694044,-13.21202814961354,3879
10.486371468328358,10.829156808878796,1944
-10.527936464305473,-9.465336733231553,744
-11.50213444105518,24.41058864412074,1341
-21.420860348345734,4.4447503883626815,2544
9.080349819885075,4.669226146974795,4102
2.7509574823932446,10.26405922166228,811
-0.4555186922265883,14.543449691046472,3250
5.0055918525587035,-11.340381150497187,611
-19.28649284276046,15.028745628854344,3245
6.842439604453476,-3.0391042467700573,1791
-5.232167686516724,-11.949162843248628,2880
5.101569672883348,11.676625857622879,2310
16.04605545045067,-16.507172184010663,487
-5.555846221628326,22.56420416989199,2512
-20.55386247941277,1.9613556930395684,1572
0.1078993838860031,14.163776172254929,3251
4.754681699405498,12.077204818912369,191
-7.390235723555767,-3.337146223791735,3757
-10.24901388872246,-9.90932541266166,2357
-9.212168330322246,10.908312164822652,287
-8.65162677823686,18.679233980576793,2429
1.8251749264895594,8.914967141354103,1812
19.642200023714558,6.350953253585448,1705
12.087968987094008,-2.991856848688591,221
12.908375118223374,-3.41884798714309,3894
6.264441592077846,8.065284709384846,4122
6.052297526109143,0.672834246849422,121
11.605464100186525,-4.6346537307912765,1286
7.059447316769122,15.348500513577187,442
-11.504695859688233,-20.61713747732711,2495
-1.7687869046744424,12.693697716090456,2097
18.100729729362378,12.422757436109645,3283
-8.659583199542153,18.807703967281594,946
-9.529472415073663,16.804626933928578,2116
-8.242949017704138,-9.867149359675311,1018
-2.6125409217889395,19.778512304354308,231
10.260423310635687,2.8483803456447836,596
-6.1436862945615465,2.6214260602718027,1740
1.270048342910629,8.490924651999487,3957
6.42623400393061,0.6947557822483076,1875
-11.465026478626639,25.011781193618354,1746
8.801169147914873,-8.93104668547444,1060
15.2763993983686,-4.061897036961081,44
-1.2949987560307412,2.280963698714795,1307
-4.158206674269264,-9.14918807440975,2963
8.936791852815093,4.803651619371111,4073
6.297640757347877,14.77007370003757,449
12.141344573870061,5.715518545191882,989
15.83178122894826,13.234202143495999,3172
-1.6595621425889746,-15.405831617366088,2398
11.808518630010674,6.087674772887829,849
-11.04349273663233,15.04878246170467,748
3.230287581011645,9.53452266276346,1067
5.372644430552536,1.7611378518070773,2210
0.23651868145207317,-8.6368865515039,56
-11.514522446342928,24.393457133408198,1593
-0.8415344825467526,-15.201985303556702,3996
-17.64270214107858,-4.4039559600301335,1130
-5.208200140081696,-11.896689581648467,3282
-16.533077568977014,-5.975855948351425,1176
-8.597328735552423,18.765172833386554,1431
10.913185263754993,-9.673793471603082,3367
10.003831372413902,12.016951031576006,3799
10.445961807375976,-10.88236330986607,3022
-9.225443571789219,10.098235645896585,2438
-13.134994448285655,10.658915402833568,2411
8.603387756771403,5.05978912938427,2868
-1.7513137028057881,13.155945674204919,3450
-15.34999898099453,-11.946236465928218,3771
-14.046312765007272,-13.979464209279964,179
-9.17864209004,-6.440310702092126,809
-15.842897571042556,-12.68904218944079,1865
16.33129760513448,-16.028055442017397,432
5.5295696044174365,16.902305622032042,854
0.20942217191822235,-8.610908869313473,2707
-5.506194101743955,5.686374925943453,919
17.51611989883389,-14.312751290202032,291
6.649770724010329,9.48421383290088,787
11.6105709289576,12.754600144960742,3333
17.657945128624732,3.7917323404827568,3204
-7.413207608164977,9.225312872762114,3675
-8.663022576123641,9.887717191715586,1711
11.473548266084414,-3.815398736114794,3715
12.181489361653416,-21.189850997324225,1157
14.775936794275365,-3.011376931356601,164
-2.6125423689012113,19.77845354758576,257
10.703312338225123,-9.199104315378774,3731
19.4000080150778,14.138047437295857,2715
-2.6125848057434498,19.778014241011423,484
-12.089936625834632,22.906728632121155,2775
-1.6418366251674559,-15.405848853733941,2602
9.903173927286185,19.147973752072865,4193
7.449881191777769,-6.217878466968498,2288
-2.737006873941412,-11.296645519982972,1140
-10.018387673232196,10.229284485010728,4019
-6.806157465074464,9.55672566625756,3641
20.093486656018182,13.11931458996684,4069
-1.212424092514382,-1.1981362593732046,2985
-2.6125299049875066,19.778726542189364,136
-12.090475415931396,22.905595737735315,2828
20.9396458585782,-3.1937162897494265,352
10.779399657644676,-9.675993799928,3801
-7.24111720171303,-15.80595320874559,51
5.741619730658039,4.237205048260675,752
-9.644824894417583,17.404095706470414,1330
-1.7293062847153697,-15.29523425656948,4050
-11.472610216244371,24.88536635813916,1761
13.019778036170374,-19.998529533531112,828
11.712516667376995,8.341987527985268,66
5.517581266557568,-17.993907475111502,1831
12.386356651008278,18.284543833358022,3051
9.34393221422575,-10.101148223942959,1784
6.334350160818216,-17.46704067273437,1085
2.2131818153377134,-7.852471226150774,3604
-9.178636476943804,-6.440301604667388,864
-8.338664323412235,-16.610028444923017,180
14.160623952929335,-6.315908514832493,1323
17.54142358649469,13.809103888314779,3273
-9.189070120347068,10.585563680085038,2358
-1.3668898969282397,-6.314208193281363,4180
-1.6153820251825883,-0.25105898645147534,2606
-7.642741681008051,-16.01145436560427,87
-11.413570773520423,-9.02290531602005,957
-15.27470969214696,5.052356921640153,3174
1.8815925829471452,-15.130418458825908,891
12.243270809666472,-21.13326039910502,1070
8.524653091625469,18.798141424004143,3000
-1.7877904969325422,-18.37251596025055,2080
5.089949055402312,12.67685813516762,1994
-11.460145586312196,25.012404526252478,1605
-1.6518658815614866,11.778591466625649,3075
-2.156326512191192,19.10389421765403,134
-7.8280529430892924,-3.1358184187478195,3882
-19.377579170812282,-7.527817708026255,1121
10.135920109711064,1.0514439425130075,986
-5.966750952361505,1.9500135007300226,3709
2.3765296185363702,5.239412845799751,1199
-6.279242279231443,-0.1813067656549437,1642
-6.379216233161935,-0.12573202317238083,3202
-4.108801944022506,17.591162344414833,3357
14.61061813125039,19.688184532434033,472
19.411499897323704,14.120593878623644,2761
0.22259626620262893,11.722813618548955,3687
-16.94755360409016,16.569465084307964,2224
9.685188612175391,1.5607554248647018,2245
-18.709434472757785,-4.80684082969489,1101
-19.955719098250594,-9.808744827001703,1161
20.001902825419048,-7.509524058912071,3786
-6.600114606171932,8.034897532019313,1321
-20.553324310284175,1.95649688340953,1754
-1.4134133122234163,-19.5605976914853,520
-0.0979112710989437,7.164387945069651,255
-1.9776500498694505,2.153523968282755,1297
-6.34383119676143,-0.1593200305834045,1678
-0.5642360237303049,-21.42963433405009,2464
14.527432350797906,19.679674430036943,530
-14.864584899565042,-7.5171304090245625,701
-19.288452823992266,15.038439651769878,3288
-19.926401574612882,-9.73310553310195,446
-11.028785335219224,-21.76865221018927,1927
0.8338204036917068,-13.01435679215981,2191
-1.7821882174929145,11.705506714487557,2883
-4.673348958784949,-10.282764050662736,2559
6.789627020847713,0.36562952315528224,2370
12.891838935706252,-3.430855314546065,4169
19.90308609963423,13.413016775053311,3527
-7.7937578898517,-16.185899075833042,1978
9.852392049815515,1.843070527971241,1187
20.01388218038431,-7.499421511561974,3783
14.306005726376345,-5.82988495579559,1956
-6.448170151645898,7.082368564250153,1276
20.303561237599016,4.878866607477078,3682
-9.752643630651075,-0.23136639823454694,182
19.954305006548037,4.5558394688578785,410
0.8356929897307892,-9.75069253302909,2201
-1.3469741971194533,13.026403490161814,3975
13.126639672440755,-19.245515630057685,778
19.341259767362693,14.22597117562518,2558
0.752182675023876,-22.08853397378909,36
-6.715580189748142,8.68658395528855,2111
-4.967867317515479,-5.490574763363312,3178
17.00955864191299,6.990396675296207,405
10.043608375070022,-10.331598438380723,3760
0.6097772960150478,-20.92330777884166,3871
-11.013736425095136,-21.869192660566753,1883
-7.986273965994899,24.925641657312397,670
-8.182233700356472,-9.573410694715085,1091
19.351299235556493,14.213653715497777,2502
-7.782824694523896,-3.1658544816253826,3590
-13.16586522132058,10.638846256833924,2453
-4.259164688445897,19.279128593158383,43
1.3265614983444047,9.32789759234617,184
20.028153159404926,13.22267810930929,3852
-4.9613777363796325,-10.38800731602401,3005
9.843618294545614,1.5363126735137624,2477
-14.449429241180408,5.221852717204228,2194
-4.84209942744449,-5.598840390709229,145
-3.5063801556825913,4.865898764556621,1739
20.097586947333948,13.112727023510985,4083
-7.8982286409142874,19.006919279129768,102
-5.180947217316565,-11.834982265004784,2907
18.125180395738546,12.471742257202967,3965
-18.52502628510425,-5.608677680025169,1129
-0.3876607102897407,-20.645825908507682,1232
-8.894126474051042,-1.7660338677113108,2242
-13.17212010868269,10.670770369893086,1491
12.292306698731656,-7.10807587550593,3387
7.019976852224903,0.5130060459166396,2218
12.885709138265078,-7.10987545583835,1362
-1.001702498897111,-21.129312065039045,95
0.7443929320917055,-6.849257389219747,4131
1.040007429394633,-10.201422156308526,642
-24.80838787711655,-1.957147848223503,3298
20.20398575766029,4.7778495780644015,1403
-8.33041509932867,-1.6378294166356469,3432
-5.490620960492962,4.639579546131759,496
-18.058989163247624,15.962287554001726,2666
10.838613180376424,-3.0462439445679945,68
0.17843694647122216,15.329011911823514,617
19.4001874470289,14.137807414542463,2716
2.8767469214526025,-10.91791483941477,727
-15.174284307951005,5.032646150296719,1939
13.491676114059084,-19.426794932242064,772
-3.409883890519338,-13.448441363282146,2711
-24.73273310635051,-2.0678106951506163,3141
13.864784187387238,-18.984443800886233,725
13.514826415025645,7.828149155370079,1934
19.994631236461917,-8.043945189014536,3978
11.880784222467206,8.117484884367226,1650
-11.169532039437744,14.8368375336203,2287
-16.54548712294009,-5.97681334940404,1175
-21.156473054753643,4.414482612439159,2437
0.7085222310529494,-22.060354992346728,2807
20.077982800842047,13.144107871927982,4016
-8.831818914004142,18.627882094283372,1903
-14.5239305186111,-8.070823195606243,2377
3.49544333679291,-3.297996906675669,506
-2.6125835531782977,19.778028697977966,476
14.783666169157655,-18.19995752675127,666
20.40844268220567,4.606980528982036,1267
-6.607003750300578,4.41518328948205,1309
-1.1425016089245061,-24.28000890443678,200
1.1847776833575792,-16.219713508551024,4164
12.877333914060781,-19.929606723524763,837
11.733270179542052,8.226545938886963,2440
1.9415114084894738,-7.557450628136478,3688
-8.884043426267567,-1.3526461087031427,4143
-21.628338664196153,4.469673608188689,2642
17.505907006620273,-14.327402236360243,292
-20.971523466169586,4.392988023302632,2382
10.93597597327411,-5.453241976675811,1315
-14.328724315629861,-13.932397906573982,1896
-4.0919352536763896,17.42573500101922,3100
19.443460443882636,14.071933723706156,2863
-13.780622986628723,-13.546410190308874,841
-19.285003354610307,15.025471560688034,3192
1.527636075361785,-13.984596874946115,20
8.192174310319567,-2.257829841161462,804
1.3089944776447278,-14.910169601599659,3048
13.255786146284542,2.8821495549049487,3791
2.421232162607327,5.185826567431513,4049
16.956020898254916,3.6580750520309993,2918
12.34236745454136,18.280314288463924,2552
-19.293863122474182,15.043505103965186,3455
-2.6125521010460693,19.778304738283534,328
0.8109534302533328,0.13006372202381833,3874
-21.764909784713417,5.483280534318008,2801
2.7249737759544637,-15.103652230449507,4158
-6.741844355694741,4.801453369913906,3524
-14.822836578711456,-7.658481345416011,2279
-14.255325140302583,-14.158413139000212,1046
6.989977701639967,-17.659367852212036,1971
11.537071725499354,12.74216398295271,1765
16.68507041446981,7.569777500120288,26
5.468271930772172,14.627929439317771,2139
-8.834867023039747,-15.634147607961612,469
0.3078989921694638,14.91975333018026,2039
-19.959941275581933,-9.806852559046195,568
4.050639222631185,11.796949205723758,3568
19.869410612356482,6.467926128614854,81
3.684050238223225,1.9075163931570744,463
6.216964705861232,-17.533513284213676,1249
10.299274301887241,8.038224317251082,2416
19.930040052150478,13.372872521653568,3580
5.090485156423489,14.152742886733181,1160
2.2675110210314906,-10.611777168080899,2220
8.327155994243286,-11.550135078118188,974
-9.958918661725724,16.619402550292484,2563
-1.3856162216885637,15.882027045118024,3617
7.9939197910783575,11.100816566649048,1475
7.798985164206463,-10.990676328369684,3354
-19.288329848262254,15.03654988087864,3292
12.329676744579144,18.274477158859163,3907
2.307414810373078,8.425069883222124,1775
20.51380095765696,-6.506468149054896,3499
16.051869083113694,-16.498032634674384,486
-6.579849643104564,8.05931507042782,2246
-2.6853631918582215,-12.128134136060629,4020
-11.022574829145459,15.08460829591305,345
10.110276362418196,8.064316154257314,2820
15.6507358899146,-17.11073160145337,549
-4.570182950868126,17.854432527308468,1872
-1.4675940836220887,19.482418326244932,1524
-14.920716225349288,3.0979523115249044,1430
-12.090265784419007,22.905947921426748,2825
8.098353746156514,-11.417143603622119,1421
-2.249306706894689,13.226812026719807,3477
3.2246905327134554,-3.4041703900399023,2102
2.4537824614254116,-9.513343100739899,3241
-9.296015815047145,-2.3656433283771654,1324
15.098120366895394,13.609982801601076,2961
9.924433972424875,3.7446745430900603,3507
-6.675889759446977,4.825233059052766,1664
-12.207880348837259,0.11250992296845606,3021
-16.01233974771078,17.079417670546903,268
-1.546608159374482,17.70775823699393,4127
-9.178584747021363,-6.440319043425809,916
-11.000270212088099,15.129090954971929,438
-21.169515109039516,4.413826382666357,2435
6.745056789680818,2.0789204397057848,516
0.5769131522427773,6.161816449779784,3995
-1.56707375711111,11.91274991729534,3115
2.6448884855648487,4.4689867907655,2366
2.1476863168040885,0.23779711245653534,3167
0.524948839102502,-19.46150105356874,189
10.266653592421166,2.956680275883065,340
-9.845338157029705,16.7836739316727,271
-11.125982090287826,-21.453663499974944,2060
14.66759434417855,-2.989289313329763,2735
-4.919943335535601,-11.559319281174773,3173
-8.938184293171071,-6.447950390541851,2580
-10.384926979877546,-6.39751639021164,944
-18.615651612010375,-8.334402050906094,906
7.210493916262695,-1.5550079097489482,2034
4.089420452473351,11.73706892619177,4052
20.493819141186894,-6.518371645901373,3506
-3.585465588026111,7.849609561766555,2309
-6.761481587104269,4.185548745664458,2773
0.42655419208086054,-19.94514604811005,211
-3.548034471570562,4.982114762028882,1795
2.4354412031218198,10.051842807260888,1942
-5.2533182297085,-11.74727039630251,3024
6.523232182680438,-16.605876584199702,2106
16.694171103952637,7.553294670657822,1002
21.00341520283874,-8.114818264475478,3829
4.787578877535419,0.5193606091387645,2213
-11.157071165779891,-21.326924400734196,2108
14.711065012256652,-2.9015540330389196,3537
9.029412619329074,4.718193800279803,2112
-15.70778393929211,-7.091318448946414,2183
14.378576049979891,19.643217551302094,653
7.505983470116734,0.17731554540890154,2737
-9.178652444236812,-6.440258996329204,918
-9.907553697090208,-6.425098928870103,843
14.96803671862892,13.696653384116608,4086
21.122377804789714,5.884649437470755,2046
15.402689305559775,-2.028079388562285,1940
-9.907161382355891,-6.424848686626763,673
-8.979924067745031,10.01610232537113,2782
2.8305759044415777,-10.331688328052374,2906
-2.6125360690553747,19.778550431649826,212
-14.288846447250098,-14.497216171211175,3114
1.918542605955421,-14.817330217920684,1561
2.534061792037923,5.036161014460184,72
1.368954673242921,1.0161822508912643,2404
0.5088346942149067,-20.063166274504194,1544
-7.886431011838504,-2.8733956250274275,2860
8.496570792481865,18.792511647790892,2350
5.744325457202339,-6.115606135974546,3019
-3.033346981452435,-13.118224046618145,3269
1.4388301433264847,-13.521436952908074,312
1.0423874934369295,-16.231684321633765,46
19.147384403924512,1.4287618559032398,1724
-14.907792804375925,4.616197450873514,1623
-21.15989331181711,4.412538745962532,2431
-5.8959737651003845,3.2326624845303673,3831
-13.299017523184485,10.30103798255896,3625
-6.516378758511063,4.401175195514225,2149
-5.104760379161808,-1.6583031513895605,1803
-2.612577628860406,19.778006999911717,479
-14.432425661998533,-4.102210589110945,794
-9.472560083105746,-10.368219502506186,858
-19.99049891068874,-7.8693607589603625,395
6.126030570901802,16.097773047454307,209
-5.7286360796079885,3.959250007202154,3092
10.26702675733978,2.716640880576209,2848
-4.6468744545887795,-9.433631640204558,2979
4.965848185778188,7.261467106041127,4061
-5.550960666298792,-11.624853206714297,3082
20.171908891138013,-7.28608192291439,3720
-2.6125610500136673,19.778215735794074,374
-14.328986752770236,-8.145789295405375,2184
0.8288584123991011,-14.902707474059206,3994
-24.69030682760669,-2.0899604454539693,19
-19.926441900389023,-9.733116395179115,300
-11.922525312073095,-0.20598227837852687,1094
8.623155647568552,19.696360851112853,2295
9.281090157225416,-4.605244928538083,2317
3.024008966759365,-3.518124332664178,1680
3.773277213373025,1.836782759029655,3849
9.903026031181831,19.147914278189454,4178
-8.674322528691633,9.88171409498879,3833
-11.79821792859782,-2.720867749408293,3265
10.6586101846511,-1.9572526054865325,1651
13.045272923910003,-19.966199636885733,825
-5.184669209609691,-11.934649308299667,2811
-9.134710004625978,-1.9013335862311416,1938
-19.959922311941757,-9.8068486332305,628
11.586656943335575,-0.8112471637040456,4137
-8.338458038232039,-9.83769578704574,3090
-9.829208957590035,10.436541424113893,1065
-2.0949581393100067,19.715635866916394,973
17.704798329105174,-14.04663401881306,218
9.127348554071421,4.622230858662033,4116
-11.430837135201426,-9.355249991139917,2423
20.04362909579511,-7.394880900853275,3751
1.6622715256801008,-8.896000243148091,2954
5.9240556313149675,2.2193629113733366,1462
-1.1026831843092204,1.5082564112308958,3719
12.619800782662525,-3.493552554569396,2950
5.620468507768043,-1.489173069748471,1104
-24.766563759301256,-2.206970884266611,1855
-3.010989339067715,-20.84991241777336,512
-21.03951328483576,4.394748436067621,2383
15.390190719729683,-17.59486380486194,602
16.341189003682004,-16.01333188099217,430
4.520899343230054,11.936380054030847,23
-8.938361475242214,-6.4481160942217945,2043
1.038137955342942,8.030036247175076,3982
-4.478224061764593,3.8361925122742457,1508
-18.341599674545865,-5.902805741971741,852
6.853426181232882,-6.180239066532329,523
17.296774048651045,3.7309211650656913,3525
-15.06340187287431,-12.963074410552235,3863
-13.48376414334626,3.286710962507002,2786
10.246914395477134,3.024222671154552,2208
3.602719243094565,-3.30471239753917,1895
2.2105576708106476,9.886429192088944,1251
-15.08687942293184,-12.910825320298834,3674
-11.441762704791614,-9.673736918923668,995
9.62705483531098,-14.722413411769029,1970
0.9395493549553765,-9.823789003031335,3959
2.6345256506756796,4.76464090125276,245
-17.356615214997024,4.725083257704816,1906
-4.0316783001928505,-0.4697631238148771,1016
-1.5817465427049437,2.0823649108980233,1224
16.327180107931518,-16.03419934853001,433
14.759778660154621,13.68794784774557,3277
-11.12910486274925,5.949060750039253,1797
2.3067892513027464,-12.951058060429983,1303
-3.2426871323929976,-11.601136731955087,3381
8.52639886447627,18.79849836921341,3044
-13.083889359926319,10.594076545787678,1366
14.610692553084178,19.688421428849253,471
-18.059000620962166,15.962279400318035,2669
5.976019107814374,0.5906377944201774,584
20.33384228810203,6.054658738839831,3046
-2.094729738107787,19.715617530365837,1124
-1.4553353494705437,16.452631444514903,3711
-9.178799475229797,-6.440256911800685,455
2.444556509268473,-12.834735864429701,4065
-8.801910384664746,-1.728534687445948,3329
-20.553532854911786,1.9582311896211197,1682
-18.353989719820763,-5.06350705959842,1078
-5.23961941544244,-9.518560450106577,2926
1.697003642631405,-7.032560918412344,3278
-20.553478285383363,1.9582353461371915,1681
-11.452348928782136,-20.70838421023225,2394
-5.91625473732909,1.9156872294100333,2353
7.65632862134929,-10.907409385144584,33
-8.161044331669522,17.98678431095469,572
-1.7791776223849907,-15.061706987249721,2587
-3.3332923489721806,-11.135134658759899,1093
-7.262841091635392,-15.742663394682493,141
1.6122172897131168,-7.545238423201984,2605
-11.935715998125428,0.25109313420333096,2921
-4.471143638097579,-8.931355622583638,3181
4.906066523433719,12.706909071097215,2576
-1.849221864749989,2.1223639485411194,1737
10.475410653297986,10.802982546531508,2839
13.602879721440095,-6.017115378860961,525
12.884047693464423,-16.58552507285078,2451
-6.3368930068199925,14.848028968890594,2927
-18.221822636415013,-6.295264527112639,1102
-9.016930510362783,-15.613487987083493,2259
13.804267888710823,7.23689434410459,867
-9.178609487472244,-6.4403215860424154,863
-5.707671761137692,3.737481672529879,3614
13.007700183451645,8.02586169902398,1011
-16.65398692742615,4.818352251376745,2304
17.738569709090847,12.291763173482641,2974
-20.57456769215301,4.2826549269910945,2148
15.69871275513575,4.05627998220739,3794
11.743264913452949,-3.7564293260884867,527
-14.867538854736612,3.202475733264331,3219
12.698615670796032,-20.445364040815274,881
-9.919186605134133,10.219977246415201,2948
2.3009603845375604,9.893562072739602,3956
-2.625630078519007,-13.59266861018627,2239
-9.178768933606348,-6.440270682846499,515
13.062967620308463,8.017289713078972,89
5.8799474382071315,-6.101860965092779,3538
-10.885259469376793,5.681087822354477,1733
14.269484709638693,-6.12148423911716,3963
14.295299965701364,19.63599788420031,818
0.5803159147716301,-6.287355693089004,3984
19.96774901263968,-7.612226981401216,3819
-13.810765605627221,3.738820290991748,2823
-0.3557793646017209,14.098862314427834,3661
-6.052879325072533,-11.461032294979663,1694
-24.207448287309397,-2.2183682651366783,2990
12.679960132848587,-3.3043388617347107,205
2.0246173551490574,-8.053868254432198,646
17.250376567506247,11.88054790931703,3276
-3.7932660591572107,7.328344120684406,4118
0.4161369479775988,14.630598836502015,96
0.4013233259842901,-17.61157528855094,2567
5.310929978626138,-0.40442562903214024,2262
-1.7287371442651849,-19.919375642184097,2690
13.240565561398835,-2.3515044278487474,1585
-0.2838185829539634,-3.9599138686651254,1988
-4.636273713444105,-2.2342699308062235,3103
-19.290526413115575,15.045725906146847,3347
-8.437233153394278,-2.5294329425548514,3166
12.229088398242018,-3.980423571311003,1534
-19.959951629403637,-9.806867660847347,1166
2.621723745226391,-14.974827753186158,4159
20.91849132030659,-3.490637008043956,3054
-11.050728689450997,-21.692151052672944,1963
20.412484149933107,5.969931430264508,2551
-6.309568984742457,14.69326266593855,694
13.761174106929465,-6.031869842129397,3890
0.5523929462834609,14.656675658551032,3808
0.36327240261668076,-20.22437227494707,2
1.9009493713490009,-0.060366565460523436,2024
-1.5286716537296243,-19.672405532352563,3839
17.227024553888747,4.778305702891593,3658
-14.331819795962149,2.661768126618383,3068
7.348703760436694,-0.16425085733359424,3744
-2.094955816907256,19.71569657672678,810
-1.4766404807131128,-20.675460664259752,3089
14.338987652374179,6.294175441703374,3811
17.203741478560133,3.8993201653337763,1864
19.67617641331338,5.585357966098341,1221
6.295681720194541,-6.132173840113784,181
5.203153032625446,12.850409808361245,41
10.21535752923578,2.5456205676921573,1575
5.222210302295067,-0.4260454301279916,1869
-3.27147605281462,-13.356677733911756,1606
14.92510588908251,13.774557627556101,3541
1.766063260954929,-15.184566962442263,976
-9.312824642727136,25.18120176078246,1331
-11.495086091185206,24.413304154346203,1154
-20.38297818414319,4.215279498833769,2000
-11.035981068869106,15.061498798809945,1801
5.27820644918549,1.8083476678345094,1281
11.64244526415288,12.801908198334546,1912
-8.239301959186436,-14.01802497040909,3953
10.242484841682385,1.6396754656374912,1051
20.07412383066964,13.150252601110571,4003
-6.338523834252958,7.165564427301395,777
14.610049777027411,19.688055254843693,474
11.541594527437226,-4.079876683757729,874
-5.0979921440700435,3.93745916877899,2419
10.34324706403086,-10.75345665389123,2249
14.38401408136,19.6432727960878,644
-6.1643650591774275,6.351947176454855,17
17.264163486273755,11.880735485164063,2972
-24.885822491484515,-1.7603401292416,3622
13.426234124889042,-19.503962722221747,780
14.70914225437598,13.842606174773335,2731
14.384906334952486,-6.1075441136740025,2951
-16.0123671368931,17.07940250918724,299
13.448926808930041,-19.444925634062,775
19.93878432652626,-7.707102021676967,3851
1.0470543645412707,-10.457828742632119,3053
15.846113673947078,-1.7170375047468789,2072
-2.313404314847956,-13.951149681931245,1530
2.7629724810870595,-9.712709030287073,765
-1.2217540349702385,11.396445684937971,1469
0.5598725436165218,11.353841674365936,3664
9.396905419655793,-4.660453948176127,1015
7.089732100926147,-1.727520223827336,1086
16.77212418705631,3.6659626834347874,3542
14.051092590061533,-6.356732636081086,1522
2.6032966151592207,-15.261367227572364,3143
-6.772625406514272,24.391841403077223,2910
20.415628379260543,-6.64489618749774,3558
6.977620137107214,8.410351913980293,950
5.251779850602327,-0.07181327805866272,758
-1.8477652649298444,13.530945268232484,29
-3.580621463981486,5.058176920021784,1545
0.44558031632373163,-21.134161429880205,696
-2.6125607304670946,19.778219546013553,372
5.736924354701025,4.16260581789461,2129
5.772575865299978,-17.816254252547285,2355
-4.549192025031661,-5.477276632017327,3260
-8.644459907604947,18.736391028415174,1696
9.638143567032326,-14.71139417151043,1860
0.42386356613882264,-16.48613764198713,3358
-9.60519004100855,10.09119284754963,3853
15.337156895954896,-17.652044443469645,609
12.079694669346722,-2.5299654778113587,3060
5.874815137363967,16.470281550720532,2283
12.711315373730567,-20.42592723331224,878
17.355068197857502,7.226466595445262,402
-0.9050241607690166,-15.491492269443805,4172
-19.29581468861681,15.041820671273829,3512
6.967299285769417,-1.259718333297999,903
2.075518897946115,-8.108810845289739,821
-21.534746750996764,4.458365379942293,2596
12.084881611088207,5.775728582543355,1216
0.18538815893510802,-17.999047532228612,2744
-10.813881852305705,-0.20175718018541366,2703
-12.090465814379035,22.90561517473816,2827
10.068673766982393,1.9484931351481394,894
-7.180856519515207,20.696456654886184,939
7.009809058374963,-6.178596742054733,1979
16.336256977585595,-16.02065586346124,431
-4.234943578752283,17.241215904846154,1095
9.198202279875273,-11.576788433391744,1222
7.197812819075974,-2.0546157798404368,2421
20.89279768461324,14.944831354962053,408
-24.757259775707045,-2.2090369789611204,2303
2.834458604328689,-8.477978558514028,2271
13.319791355280694,-6.5170892873269315,3263
2.7697023057977943,-10.327728872648322,4013
11.546709586628785,8.246590864197792,3832
-21.63647576967888,4.469894790574027,2645
17.259698889409805,6.816648959170416,966
20.91524717803679,-3.423225946212467,254
8.003648687715039,11.109160312593142,1856
0.7449746736090297,15.959089191164109,983
5.830034375559882,0.5299914795095317,2755
-8.123324765105771,24.944652618926263,4123
-8.694180497899001,-15.431685571861461,1945
6.5190434093732295,-6.142856424302731,1327
-11.457694269045296,25.012965376430888,1533
-21.408128435400968,4.443216617358731,2538
-6.6689323035096,3.6143963624678097,3030
12.376583071954666,8.130993364194122,3699
-11.50321063081951,24.4112861692773,1371
20.107834890027867,4.426074760483842,1541
-8.808459001895402,9.931084840432678,3543
-19.95994379507511,-9.806853218589659,451
0.14484750788406955,11.489041802473766,3327
-19.740657614000355,-9.318254418204358,740
-14.372984625079004,-14.199722999368932,2465
12.212675053484775,-3.092854765728431,3961
-8.876976628799017,-15.41994704027756,910
20.568808258878832,4.404530201960947,3074
1.3462087968131153,-7.653986576690298,2258
-21.29129296863355,4.431517409850472,2492
6.968798039607382,8.562104560698042,1128
-18.058773718625243,15.96173746156428,2670
-25.072393735169175,-2.5857388486471113,2953
9.651729237833996,4.066963665060126,4109
12.36269377128785,-0.8740501230549195,3059
17.610796351760005,-14.178690874348224,261
2.221276144416471,-10.83034386825753,4014
-10.857856328484203,5.62452690001836,3474
-2.3816106370624524,-19.7865655931115,1356
-2.612589595498288,19.777902750572352,538
21.441363426113757,-7.164117187760469,3865
3.0439871569160037,6.990899308114183,2575
14.376701096397493,6.123004461549773,3515
-8.17427698089296,-7.591393434649743,1028
9.902905185961618,19.14786489449116,4166
2.6689009924417837,7.614218162300823,3481
-10.097973494649386,16.518433789735408,4099
-11.003137664820166,-20.617472943279832,2247
4.58895750598453,11.94213436805104,325
-2.076166855819992,12.390319510858173,362
9.629543394720672,-14.720012139084853,632
13.590429282745479,7.943306044898481,812
-14.714406767328416,2.4409455148391324,3170
8.522498831228752,18.79770076125168,2945
-19.285321626635177,15.018181366920711,3243
20.1372839230665,-7.176483011632825,3693
-5.763848730435966,2.3688997525462803,2494
3.940538601049035,-12.505101750025698,243
-5.2238025614296735,-11.766322071719443,3083
5.99214336265667,-2.388372632400152,1790
-11.673036788716564,-9.028383073827218,1061
9.623303742707328,-14.725963969629827,1871
-11.008817980818531,-21.852653458119768,1884
10.450648500411399,-10.531907879672014,1745
5.685655183405061,16.613870403010807,738
20.100927316945445,13.107358910380905,4094
-11.530093703238087,24.320014498495773,1634
-5.427973527128569,21.140474908538074,2885
10.97859067654391,-4.975343573157616,1339
0.10687559318808615,11.540359551042322,3391
9.791387511605128,-2.2449060249202355,581
-10.86380043311465,5.6413899261401514,1734
-12.254234913679543,1.4447127966349065,1429
-8.442256119048592,-2.2166669730535276,147
-3.9549626015967854,-0.37726716484739214,638
-18.058987164306807,15.96224652839343,2667
9.903182249795005,19.14796833845335,4194
8.52436345930461,18.798081937304765,2992
-12.096204685163022,22.887913179239263,2682
14.3183117827471,19.638743514242325,763
-7.1360532718995975,8.997017761182388,3205
-6.691591437322391,8.62263973232283,4006
-5.682882291118471,21.976884490017422,2461
19.97733100660282,-7.609037792885124,3818
-20.55343413171874,1.957399671873365,1718
20.095996444467435,-7.286897579301136,3721
-14.411901723826837,-4.023951595816903,627
17.60822624296707,-14.182326690602405,262
-18.4236902926737,-6.039073574763464,853
-18.52467154241763,-5.661278047330654,1050
-11.524882371944308,-0.29531048267690646,3540
-14.410724517046535,-4.01332548359638,1186
-8.78666480668078,-1.8336943807074182,1274
-19.29041278056316,15.045353238702383,3344
7.654235461731416,-8.635738659875614,559
7.964336485598154,0.49938739822092065,3685
-19.294210690271072,15.055933126175763,3468
8.526362086036636,18.798490687941523,3043
7.910609253818889,-11.859146991678026,3313
0.22094002437332416,11.448822247878487,3104
12.682376166813835,-20.47044755201962,885
19.93985465168585,-7.704492123377085,3850
8.524404372240825,18.79809009709582,2993
11.542758841127034,12.566107749599132,3315
2.5439236914509897,-15.112772512180632,1909
15.587350796032016,13.868545218526632,1296
0.7046687971504549,-20.764926249248415,612
-12.089454525366467,22.907746158656,2724
17.656544438752707,-14.11415445736508,241
0.7496151610440631,-7.899362223561955,3973
1.7337269541969658,0.5517455121824268,2119
10.600285608003501,-9.051050174056932,2351
-2.3936443781268943,-2.718864903174798,2051
-0.3635814485849779,-6.653922862569148,1719
2.394614931156558,-9.42442111740872,3193
17.60052689125858,-14.193219920820189,265
-13.544502796508777,-13.094431020053785,1325
6.5017724660232314,-2.128215588532063,507
19.1543617833776,2.4309303641816618,1172
-20.78793493393893,4.349225947492448,2290
15.184094815243851,-2.4238591157655605,146
-10.580942126864777,-6.27448736179116,424
-3.8187114820763473,-9.400799461503038,1090
-16.94702718548026,16.569759060612,2223
-14.87162015941302,3.562619975690577,3206
-8.117058850128672,-16.42312155432668,3921
17.07904071747611,3.683200206292036,2911
-2.7710810643393127,-12.180288370325618,1375
-0.19874727070045195,-16.784911832395718,3406
-19.95994875532363,-9.806863907533097,1162
-9.61369445362307,-2.8135035516390032,784
16.319422317997294,3.555608333749493,3425
12.845819695695758,-5.370847650987588,149
20.209048811530717,4.407670049979532,4045
-2.437168744085527,-2.757770040956521,2143
2.943692374349161,-11.504325274047119,3087
1.3864405742667725,8.474769044595496,937
12.678437837857558,-20.476580410919926,886
-7.211008332222486,24.70513865022954,1386
1.9724967982325898,-14.691497821037313,3906
13.28563785697554,-19.436483006830827,783
4.917802022884978,1.8385628920543053,88
10.891872447682239,-1.8233148847795069,2131
16.346153384178077,-16.005932172538966,429
9.700554111029481,1.6787884766060674,3066
-1.0910011201400787,4.091130716563316,3774
-2.9280547993875228,-12.853047583833595,3436
14.076257771150399,-6.6697634297950055,1466
14.637655399174934,19.689477926244198,414
16.317312012006695,-16.048930722752555,435
13.271761727950159,-2.0063378847882323,3261
-11.053101905136778,-21.68319646373305,1967
-5.97421958644684,1.9990765439073033,1788
-1.4876469150658869,-20.945634148335515,1109
14.383433662207842,19.64321002870574,645
-2.5491501793487057,-11.333186716129749,1525
4.451063411907423,-8.557649424516722,1683
5.596179210183105,16.747104582116076,731
0.39860322223882033,14.806704982535951,4181
6.981076574599392,15.212867880070402,348
-12.826966114106172,-21.515313669447817,2285
-6.629485970530559,4.476743621903858,2470
8.28933272425996,-9.637495996668603,70
2.1291811678984733,5.433696950308585,4136
-9.960895127949206,-10.1105327458214,911
20.573907043950506,-6.522963029395428,3505
15.670749966943008,-17.081213283139572,546
6.987745669491257,8.429357442333409,1721
-19.281887158454747,15.018055876249568,3086
-14.829889265161793,-7.646322517405499,2327
0.4510770049008673,-6.660180180389508,3544
-3.5871337057823935,5.229318450238835,2564
-4.06985712895849,-9.028813256704169,3108
-18.80079870736812,-5.809974749910333,1210
-14.348214633978062,3.273345755477147,3892
-6.275259909648657,2.951886653774656,1809
0.9818446824474644,-14.482143275265523,4138
-6.13367737865867,6.546040209471593,3457
-6.8971667438377935,8.868433552501441,1282
-6.560790570930909,8.074687030260238,2701
-1.102308316236927,-0.9269878397545082,2849
12.51383330769638,-20.734613574941257,938
-9.075943191168308,10.881836479124727,1434
2.1300437154367833,9.994291870362112,3630
-14.248745597652754,3.3611741503965127,3110
-11.04865208512067,-21.698966202626746,1960
-11.225506304562044,-21.18239847925409,2150
15.296230238387587,13.581145081203578,2978
-11.017020468402142,-9.302603869075643,3138
15.233200059389594,-3.294063455087088,1731
-0.9833090318030496,4.2860523843453056,3304
6.934297622097501,8.35178989139556,482
-3.1507572654806792,-20.59524493689293,1168
-7.173615426223256,10.105099264383732,1064
17.487968245175693,-14.352909943658013,296
3.8301625465629248,2.787604787922353,2212
-14.692755910193357,2.3908755725797177,1505
-8.8853360658009,9.927623284613867,3015
-7.452147623573362,8.824286286107158,1501
14.266164816811193,19.63452017781541,876
-4.858546720944623,-1.9430195700959434,2026
2.0211795665814685,-7.815705126390801,2549
-4.192634326302131,19.42882936735253,3900
-13.725269120214389,3.3655074147541937,3646
6.658583549260637,9.61168638947123,1117
-19.290490168537332,15.045598859569303,3346
-9.16267495463855,-6.777347713661043,749
11.111971767118618,-20.782820048985624,1787
-11.12570603606414,5.940355281853956,1465
-9.119410823271147,10.02176299272213,3726
3.091671758302431,9.804186925228358,2313
-4.967385629358416,-11.480736100287936,3386
12.693995101912398,-0.9657437983180709,2216
-3.0158664115155083,-20.470190311948393,1108
-14.861250198433899,-13.093527320623883,2248
1.4118522144325698,-15.156654002995685,767
15.463495302864823,-4.103422613373925,1387
0.1564474220648466,11.590376957982377,1450
-9.33440463752595,25.118514833607872,3746
6.221064757562591,-17.534107391750485,922
-14.98082293171461,-13.140548836881964,4043
14.97870304692447,-1.8680248703228985,1980
-10.34819566525853,-0.5317257640167518,1495
-1.8794921056060097,13.168272417321758,1194
8.029629258361574,-11.63849730481101,1464
-11.04945445352016,-21.696572995278963,1961
11.172884829017367,-4.164154103304027,2468
-2.851822652062867,-21.03563353520463,2471
-15.843122636112097,4.813437713908554,1189
2.786331584276504,-10.154685420233864,1919
-1.761009380191791,12.14011544479119,1428
-6.430645845356647,7.197578105817337,1383
-11.431998343245903,14.420655415901516,838
-19.959948866007263,-9.806864286455012,1180
10.787516131243844,-2.253329028166381,868
12.53209116837407,-20.711257757793092,933
1.139245009477719,-10.484584741590378,40
4.764683817695138,17.128365860535887,1684
-10.853561090301884,5.644564867708019,1805
6.513557569031329,-16.62755923117052,2052
15.689055610064027,-17.059337789126673,543
12.82041617246275,8.34275803412422,16
-8.938231794773754,-6.447998789042155,2427
-8.902802584002172,-7.118452155504777,2308
17.135243509382356,6.970792726370007,4187
13.922405777596875,-18.95478633738775,723
0.22342867921728446,-18.026291809780943,1167
18.100814816193637,12.42272840763354,3334
4.44653804416015,6.189132954192926,2032
19.971099974391045,4.400517202441735,3788
-8.938198181323473,-6.447965335381251,2528
15.808429188279094,-1.7456353074145001,1014
-8.623242788103763,-16.771706311509,3462
20.93965712505034,-3.193562595816173,314
13.50797992743888,-19.407686840670085,770
-13.643128812911437,-7.768581575400973,2312
-8.32210410540838,-2.8166634568294016,1360
3.5363218019919715,1.4455710533103723,3992
19.179549790841637,2.438809132235839,1463
-7.154862721002201,3.009444031821903,3739
-18.535206273495213,-6.801201285198297,789
10.44611108033867,-10.765416055475406,671
0.5307882753133262,-19.777193341479517,1512
20.84155960700864,14.788420855390626,3478
-14.94786644952548,-13.129604355098778,1425
2.666195654456648,0.5443300881603069,3160
20.939700309665405,-3.19308872553925,252
-11.03145526116054,5.863063858616247,1643
1.3132621955088881,8.358796681933962,3339
-2.6125719185880603,19.778136534050216,420
-14.580905137755348,-13.853051713253672,1660
-16.717651442235848,4.833029194565419,1517
-11.500204124939705,24.4074085599642,1279
-4.290389156602154,17.570398983865626,2657
-4.72856912039195,-5.4610703235628835,3156
6.023939636981499,-6.105513144523508,1599
20.837977738587018,14.797384634781077,3256
-13.162219436909261,-7.756593056270634,1432
-6.966218019078719,8.880099631189179,1344
12.485865915316056,-7.029017340970019,2853
-10.67904281455575,24.366506253915627,1489
18.377670774032342,6.821579843776124,941
-5.6850359074136225,-12.384027101014595,1661
10.511588842683063,-1.2158520780860842,1975
-0.03233784678707478,-16.928967685928754,2566
4.670427901495922,17.15642060866577,1079
14.302331553107386,6.647647859327132,3717
13.353535765984624,-19.36383337104212,774
-6.986878375364815,20.721556338964263,1527
-3.1343366305695004,-11.771057783129315,3494
1.736335920911207,-13.276140662780957,225
-18.35066289976017,-2.990967306475783,2627
-3.103284504484801,5.892590403075901,1188
-21.418671023687118,4.444495021144676,2543
-8.418761170209159,-2.6783761931605743,2981
-14.953433968142186,-13.16679941599755,1539
5.720639872854129,-6.113471423801296,1519
6.27670000033031,-17.50618109969249,3713
20.367209729166987,-6.805673008500276,3611
10.093759905639892,3.4669364047810136,3562
-12.50489838494508,-0.5512889560919346,3117
13.007376300166701,8.028178578629875,11
17.605626849747537,-14.186003908237703,263
19.424376365735878,14.10091448747189,2813
17.518839788142877,-14.309030509321463,289
2.403505073566329,-7.846535067893695,1813
-14.54013511064503,-6.535887359441708,397
-1.5582968873975176,14.201465136321819,3565
2.1479937936612594,-1.3497197880673584,806
-11.33460539709824,-10.21683148947336,994
0.6936888493798834,5.92660797253512,3203
8.514360451420032,18.796050448285897,2756
20.939624508612727,-3.1941726945961544,517
-2.612542493121327,19.77845116489311,258
14.346721769927846,19.6396444843335,712
-6.649608303519792,20.520154799394312,2620
-19.286692605113583,15.032532289549675,3236
7.139051055669033,-2.5671579496922887,796
2.562515716917031,4.499451824484914,1904
-18.414826857138628,-5.171360965112569,346
-6.654107114793199,4.18115536416539,3448
-11.333778043095402,-20.88059812917987,2297
-11.028469208451817,-21.77914622663898,1921
-2.103897405415451,13.303096211685846,3738
-19.997159684704645,-9.870114878560937,1054
4.802203420153433,12.003382181722097,972
10.451528326470491,-9.066147233614029,3137
-16.280671962085027,16.938412848631828,1365
5.304022929449825,1.2139901223599856,497
-19.92644214830186,-9.733117298645846,390
-11.665070101501444,-0.17142787477022023,3369
-3.6004587307858,17.042244182594267,3099
0.2623658251200864,14.701198669255295,2790
-9.643993607973568,24.96124767579154,3772
-12.089600232619523,22.906291179771713,2671
-13.127277693543327,1.1989086515918195,3119
11.177593612722788,7.873357780421938,2609
2.008688148853758,9.738436308889845,1253
-0.5518581018661407,-14.965028484944805,2254
6.617405932722809,14.958629707714975,1137
-1.1758975367553448,2.348580544574885,1308
2.834076986386225,-10.359954016895552,2458
6.31442711963366,14.892860215346465,623
-19.77816048036486,15.602147756220488,3394
0.4176511342159429,-1.0613999695219518,2019
9.154879594782185,4.594355787812705,2013
0.8935272905152367,-6.900670541757691,3804
15.9803138504529,3.8732752586265913,2971
-13.738372091798572,-13.197378291119668,1471
4.703912398311891,18.357116058682372,1113
0.48128217909201443,-1.0613152276899698,3191
-1.1009387008904856,3.9407246036555006,1953
20.05493186793153,-7.390582214605127,3750
20.36104820320051,6.013941522230289,1406
-2.8213242480788994,-12.104631717049209,3107
0.20181609192080946,11.588698988512606,1351
-14.282754104808296,-14.274042004675346,1613
9.902401304048,19.14765395905983,4113
2.6453245158008825,5.4223072127963885,113
-19.285547557901666,15.021105399192281,3240
1.5786938615437338,-14.34855663536574,3555
-21.160606329892296,4.413178005648387,2433
5.586659730575966,1.1716373070396475,1920
10.045665965570434,3.5552469030780594,1185
-8.374661579305133,18.787701053425014,1690
-17.693366812192966,-4.426152662351815,1178
17.38040285737259,3.964122759046046,3365
5.57628939489766,14.480051867073765,560
6.571928319421685,-17.41643716975406,3502
17.237890920363267,7.05741075890405,741
-1.4344230269908858,-19.601137717989605,528
13.742037732096273,-4.2166203099949175,2837
20.9396120270767,-3.1943505397805363,576
-21.412819609667423,4.443668953913422,2540
-9.688004675243892,-3.139734226762469,2989
-15.366781560224041,4.941409492374665,3531
-0.6294700810927808,14.184265335566707,279
-2.540711612909318,-10.94982871226105,1786
14.380543859911763,19.642835327988475,650
-19.284214303018647,15.019841632017894,3184
13.610805714552624,7.879245414834929,3007
-7.024883183220336,-15.86037399298946,1043
-9.178607848088177,-6.440318905297525,862
-3.786999507639547,7.612524118958929,1334
7.313493498163936,-0.12660300177037717,2126
9.56730742048323,-11.590451101784799,2794
20.083316601180478,-7.295872994248249,3723
8.671754016013422,-2.957229734132553,454
-8.079616761315227,17.325361419579774,1981
16.6585530856789,-15.54681404098217,379
20.98245979850291,5.999949232305834,3656
13.483545181958608,-19.436350055203675,773
1.6946281694870828,0.4047922216424956,2851
1.8951790957875931,0.2665695163376723,3843
-9.832187878307137,-10.75821008451175,631
20.428537540787495,-6.6430747241724895,3557
8.100695145890976,-11.493245727102972,3895
10.00143757246524,1.4226235066429331,504
-15.304568054513448,1.2564578449718282,3070
5.045368786076317,13.32134141864289,2374
-8.846739197665368,-1.4997462991132016,1376
-11.081821616861857,-21.582863566951474,2011
10.471057104161412,-5.574580060538204,1558
-1.4439963640217497,16.603508124773597,210
4.442721519493091,-1.5106508192001165,792
-1.2427748230269604,-15.29339657099912,2802
-7.96366180382504,-16.084178498827157,3951
2.7308901945068387,4.219308970438906,3810
-8.036563544051313,-7.464155802197357,687
1.6244112936635449,0.5588769810435297,1006
-10.099943125582096,16.525769436186007,4096
-19.92644200588674,-9.733117219170941,391
-11.246500956450964,-21.07171109685256,2205
-14.406185988106456,-4.026608545930989,626
0.35124089507990786,-20.353747767190324,7
20.103620577202566,13.103000594512048,4104
13.565761551122243,7.4506141657926985,150
21.063957883248406,5.92643766600583,1877
-12.76590627018941,-21.236414548609986,2694
17.66282821245438,-14.10530829026798,238
14.32177376695695,19.63757785710554,762
3.8686316639953264,-1.0900132671504206,1025
0.5681529511471793,6.818167570415487,2637
-21.528426187326005,4.4576075796229215,2593
14.318440487316433,19.63712228605364,769
24.647893585127136,-0.5348628148156271,4145
18.100480306566304,12.422816079266742,3226
-17.986938052063767,-6.4141872571517355,898
-19.639700257220497,-7.519505802175367,564
3.646326574945497,1.718110904408066,3931
-11.626822396403714,-9.168825839351623,2281
-19.286757057436088,15.032753374020277,3238
4.942617778674086,13.69125046322299,2237
11.120958404358545,-20.786206076080223,1890
15.379410968059494,-1.9183381194283105,2922
15.57969462122889,-2.040912814114436,1600
20.831309455077463,14.859134128456894,1543
3.1857906908938314,-3.4169036291067965,3393
6.530346969529457,0.44772280606586895,1873
-6.4654199615614925,8.962615310099853,3201
-24.947003709112796,-1.4423076913281725,80
3.223577439588615,-3.401638318893901,2796
7.1862579529126265,-1.9281663001628446,2229
-1.1990217792936202,-1.29377788903246,3601
