"cell_id","lat_cell","long_cell","access","dblprk","dnotyld","jywalk","lvisib","lwfws","nobikef","noswlk","other","prkint","prkswlk","speed","vrrlss","wlksig","xwalk","assist","bikes","drives","other","walks","n_qst"
20020,39.0938799211257,-84.3720887899379,1,0,0,0,0,0,0,0,0,0,0,0,0,0,0,0,0,0,0,1,1
30012,39.0758831462979,-84.3743479955261,0,0,0,0,0,0,0,0,1,0,0,0,0,0,0,0,0,0,0,1,1
30013,39.0781331464321,-84.3743479955234,0,0,0,0,0,0,0,0,0,0,0,1,0,0,1,0,0,0,0,2,2
30014,39.0803831465662,-84.3743479955207,0,0,0,0,0,0,0,1,1,0,0,1,1,0,0,0,1,0,0,3,4
30019,39.0916331472362,-84.3743479955073,0,0,0,0,0,0,0,0,0,0,0,1,0,0,0,0,0,0,0,1,1
40013,39.0781363287123,-84.3766072012987,0,0,0,0,0,0,0,1,1,0,0,0,0,0,0,0,0,1,0,1,10
50014,39.0803894676381,-84.3788664072728,0,0,0,0,0,0,0,0,1,0,0,0,0,0,0,0,0,1,0,0,1
50015,39.0826394678762,-84.3788664072692,0,0,0,0,0,0,0,0,0,1,0,0,0,0,1,0,0,0,0,2,2
50017,39.0871394683522,-84.378866407262,1,0,0,0,1,0,0,0,0,0,0,1,0,0,0,0,0,0,0,3,3
50023,39.1006394697781,-84.3788664072406,0,0,0,0,0,0,0,0,1,0,0,4,0,0,0,0,0,0,1,4,6
60015,39.082642563073,-84.3811256134456,0,0,0,0,0,0,0,0,2,0,0,0,1,0,0,0,0,2,0,1,3
60016,39.084892563362,-84.3811256134416,0,0,0,0,0,0,0,0,0,0,0,0,2,0,0,0,0,2,0,0,2
60021,39.0961425648052,-84.3811256134216,0,0,0,0,0,0,0,11,0,0,0,1,0,0,0,0,0,4,0,8,27
60047,39.1546425722666,-84.3811256133175,0,0,0,0,0,0,0,0,0,0,0,0,1,0,0,0,0,0,0,1,1
60049,39.1591425728376,-84.3811256133095,0,0,1,2,1,0,0,1,2,0,0,4,0,0,2,0,1,8,0,4,16
70015,39.0826456146756,-84.3833848198189,0,1,0,0,0,0,0,0,0,0,0,0,0,0,0,0,0,1,0,0,2
70017,39.0871456153539,-84.3833848198101,0,0,0,0,0,0,0,0,1,1,0,0,0,0,0,0,0,1,1,0,2
70021,39.0961456167089,-84.3833848197925,0,0,0,0,0,0,0,1,0,0,0,0,0,0,0,0,0,1,0,0,1
70024,39.1028956177238,-84.3833848197793,0,0,0,0,0,0,0,0,0,0,0,1,0,0,1,0,0,1,0,1,2
70047,39.1546456254668,-84.3833848196779,0,0,0,0,0,0,0,1,0,0,0,1,0,0,0,0,0,0,0,2,2
70048,39.1568956258019,-84.3833848196736,0,0,0,0,0,0,0,1,0,0,0,0,0,0,0,0,0,0,0,1,1
80017,39.0871486234614,-84.3856440263767,0,0,0,0,0,0,0,0,1,0,0,5,1,0,1,0,0,2,0,6,15
80021,39.0961486250141,-84.3856440263576,0,0,0,1,1,0,0,1,0,0,0,2,0,0,3,1,0,4,0,3,18
80047,39.1546486350499,-84.385644026233,0,0,0,0,0,0,0,0,0,0,0,0,0,1,0,0,0,0,0,1,2
90016,39.084901587536,-84.3879032331397,0,0,0,0,0,0,0,0,1,0,0,0,0,0,0,0,0,1,0,0,1
90017,39.0871515879733,-84.3879032331346,0,0,0,0,0,0,0,0,2,0,0,3,0,0,0,0,0,4,0,1,5
90018,39.0894015884105,-84.3879032331294,0,0,0,0,1,0,0,2,0,0,0,0,0,0,0,0,0,0,0,3,3
90019,39.0916515888474,-84.3879032331243,0,0,0,0,0,0,0,0,1,0,2,2,0,0,0,0,0,1,0,4,7
90020,39.0939015892843,-84.3879032331191,0,0,0,0,1,0,0,0,1,0,1,2,0,0,1,0,0,2,2,2,6
90023,39.1006515905937,-84.3879032331037,0,0,0,0,0,0,0,0,0,0,0,2,0,0,0,0,0,2,0,0,3
90025,39.1051515914658,-84.3879032330934,0,0,0,0,0,0,0,0,0,0,0,1,0,0,0,0,0,0,0,1,2
90045,39.1501516001512,-84.3879032329903,0,0,0,0,0,0,0,1,0,0,0,0,0,0,0,0,0,0,0,1,3
90047,39.1546516010161,-84.38790323298,0,0,0,0,0,0,0,1,0,0,0,0,0,0,0,0,0,0,0,1,1
100014,39.0804045074331,-84.3901624400974,0,0,0,0,0,0,0,0,1,0,0,1,0,0,0,0,0,1,0,1,2
100015,39.0826545079188,-84.390162440092,0,0,0,0,0,0,0,0,0,0,0,1,0,0,0,0,0,1,0,0,2
100017,39.0871545088897,-84.390162440081,0,0,0,0,0,0,0,0,0,0,0,0,1,0,0,0,0,0,0,1,1
100019,39.0916545098598,-84.39016244007,0,0,1,0,1,0,0,1,0,0,0,0,1,0,0,0,0,1,0,3,7
100023,39.1006545117979,-84.390162440048,0,0,0,0,1,0,0,4,0,0,0,2,0,0,0,0,0,1,0,6,15
100025,39.1051545127659,-84.390162440037,0,0,0,0,0,0,0,0,1,0,0,0,1,0,0,0,1,1,0,0,6
100026,39.1074045132496,-84.3901624400315,0,0,0,0,0,0,0,0,0,0,1,0,0,0,0,0,0,0,0,1,1
100048,39.156904523845,-84.3901624399105,1,0,10,1,0,1,0,0,4,0,0,10,1,3,2,0,1,14,1,17,82
110020,39.0939073878072,-84.3924216471956,0,0,1,0,0,0,0,0,0,0,0,0,0,0,0,0,0,0,0,1,1
110046,39.1524074015709,-84.3924216470441,0,0,0,0,0,0,0,0,1,0,0,0,0,0,0,0,0,1,0,0,1
110047,39.1546574020975,-84.3924216470382,0,0,0,0,0,0,0,0,0,0,0,0,1,0,0,0,0,1,0,0,1
110048,39.156907402624,-84.3924216470324,0,0,0,0,0,0,0,0,0,0,0,1,0,0,0,0,0,0,0,1,1
110049,39.1591574031503,-84.3924216470266,0,0,1,1,0,0,0,0,0,1,0,1,0,0,0,0,0,2,0,2,4
110050,39.1614074036764,-84.3924216470208,0,0,1,0,0,0,0,0,0,0,1,0,0,0,0,0,0,0,0,2,2
120014,39.0804102181971,-84.3946808545465,0,0,0,0,2,0,0,4,1,1,0,3,0,0,1,0,1,5,0,6,23
120018,39.0894102205146,-84.394680854522,0,2,0,0,0,0,0,0,1,0,0,0,0,0,0,0,0,2,0,1,3
120019,39.0916602210935,-84.3946808545158,0,0,0,0,2,0,0,2,0,0,0,2,0,0,1,0,1,3,0,3,7
120046,39.1524102366401,-84.3946808543501,0,0,0,1,0,0,0,0,0,0,0,2,0,0,0,0,1,1,0,1,3
120048,39.1569102377854,-84.3946808543378,0,0,0,0,1,0,0,0,0,0,0,0,0,0,0,0,0,1,0,0,2
120049,39.1591602383577,-84.3946808543317,0,0,0,0,0,0,0,0,0,0,0,0,1,0,0,1,0,0,0,0,1
120052,39.1659102400734,-84.3946808543132,0,0,0,1,0,0,0,0,1,0,0,0,0,0,0,0,0,2,0,0,2
130020,39.0939130119392,-84.396940062004,0,1,0,1,0,0,0,1,0,0,1,0,0,0,0,0,0,3,0,1,4
130021,39.0961630125634,-84.3969400619976,0,0,0,0,0,1,0,0,0,0,0,0,1,0,2,0,0,0,0,4,4
130048,39.156913029329,-84.3969400618239,0,0,0,1,0,0,0,0,0,0,0,1,0,0,0,0,0,1,0,1,2
140025,39.1051657619527,-84.3991992696421,0,0,0,0,0,0,1,0,0,0,0,0,1,0,0,0,1,1,0,0,3
160046,39.1524211407539,-84.4037176853525,0,0,0,0,1,0,0,1,1,0,0,0,0,0,0,0,0,2,0,1,3
160048,39.1569211422536,-84.4037176853381,0,0,0,0,0,0,0,1,0,0,0,0,0,0,0,0,0,0,0,1,1
160051,39.163671144501,-84.4037176853165,0,0,0,0,0,0,0,1,0,0,0,0,0,0,0,0,0,0,0,1,1
170046,39.1524237577415,-84.4059768935337,0,0,0,1,0,0,0,0,0,0,1,1,0,0,1,0,0,1,0,3,4
180050,39.1614263344485,-84.408236101851,0,0,0,0,0,0,0,0,0,0,0,1,0,0,0,0,0,0,0,1,1
180051,39.1636763352816,-84.4082361018433,0,0,0,0,0,0,0,1,0,0,0,0,0,0,1,0,0,0,1,1,4
180053,39.1681763369468,-84.408236101828,0,0,0,1,0,0,0,0,0,0,0,2,0,0,0,0,0,0,0,3,4
180061,39.1861763435952,-84.4082361017668,0,0,0,0,1,0,0,0,0,0,0,0,0,0,0,0,0,0,0,1,1
190047,39.1546788617434,-84.4104953103854,0,0,0,0,0,0,0,0,1,0,0,0,0,0,0,0,0,1,0,0,1
190060,39.1839288730946,-84.4104953102834,0,0,0,0,0,0,0,0,0,0,1,0,0,0,0,0,0,0,0,1,1
200032,39.1209313341475,-84.4127545191782,0,0,0,0,0,0,0,1,0,0,0,0,0,0,0,0,0,0,1,0,1
200048,39.1569313488381,-84.4127545190499,0,0,0,0,0,0,0,0,0,0,0,1,0,0,0,0,0,0,0,1,1
210031,39.1186837751514,-84.4150137280196,0,0,0,0,0,0,1,0,0,0,0,0,0,0,0,0,1,0,0,0,1
210032,39.1209337761124,-84.4150137280114,0,0,0,0,0,0,0,0,0,0,0,1,0,0,0,0,0,0,0,1,1
210035,39.1276837789934,-84.4150137279868,0,0,0,0,0,0,0,0,0,0,0,1,0,0,0,0,0,1,0,0,1
210040,39.1389337837877,-84.4150137279459,0,0,0,0,0,0,0,0,0,0,0,1,0,0,0,0,1,0,0,0,1
210057,39.1771838000207,-84.4150137278068,0,0,0,0,0,0,0,1,0,0,0,0,0,0,0,0,0,0,0,1,1
210060,39.1839338028744,-84.4150137277822,0,0,0,0,0,0,0,0,0,0,0,0,0,1,0,0,0,0,0,1,1
220035,39.1276861774695,-84.4172729369748,0,0,0,0,0,0,0,1,0,0,0,1,0,0,0,0,0,0,0,2,4
220038,39.1344361804646,-84.4172729369498,0,0,0,0,0,0,0,0,0,0,0,1,0,0,0,0,0,0,0,1,2
220045,39.15018618744,-84.4172729368915,0,0,1,0,0,0,0,0,0,0,4,0,0,0,0,0,0,0,0,5,6
220046,39.152436188435,-84.4172729368832,0,0,0,0,0,0,0,0,0,1,1,1,0,0,0,0,0,2,0,1,3
220047,39.1546861894296,-84.4172729368748,0,0,0,0,0,0,0,0,0,1,0,0,0,0,0,0,0,1,0,0,1
230030,39.1164385271452,-84.4195321461576,0,0,1,0,1,0,0,0,0,2,0,1,0,0,0,0,0,3,0,2,6
230033,39.1231885302615,-84.4195321461322,0,0,1,1,0,0,0,2,0,0,0,2,0,0,2,0,0,6,0,2,21
230046,39.1524385437246,-84.4195321460221,0,0,0,0,0,0,0,0,0,0,1,1,1,0,0,0,0,1,0,2,3
230047,39.1546885447575,-84.4195321460137,0,0,0,0,0,0,0,0,0,1,0,0,0,0,1,0,0,1,1,0,2
230058,39.1794385560933,-84.4195321459205,0,0,0,0,0,0,0,0,0,0,0,1,0,0,0,0,0,0,0,1,2
230061,39.1861885591767,-84.4195321458951,0,0,0,0,0,0,0,0,1,0,0,1,1,0,1,0,0,1,1,2,4
240034,39.1254408425207,-84.421791355414,0,0,0,0,0,0,0,0,0,0,0,2,0,0,1,0,0,1,0,2,13
240036,39.129940844671,-84.4217913553968,0,1,3,1,1,0,0,1,0,2,1,2,2,0,1,0,0,5,1,9,42
240040,39.1389408489666,-84.4217913553625,0,0,0,0,0,0,0,1,0,0,0,1,0,0,0,0,0,1,0,1,4
240043,39.1456908521841,-84.4217913553367,0,0,0,0,0,0,0,0,0,0,4,0,0,0,0,0,0,0,0,4,4
240044,39.1479408532558,-84.4217913553281,0,0,0,0,0,0,0,0,0,2,1,1,0,0,0,0,0,3,0,1,5
240045,39.150190854327,-84.4217913553196,1,0,0,0,0,0,0,0,0,0,0,0,0,0,1,1,0,0,0,1,2
240046,39.1524408553979,-84.421791355311,0,2,0,1,2,1,0,0,3,4,1,1,4,2,0,0,0,11,1,9,22
240050,39.1614408596773,-84.4217913552766,0,0,0,0,0,0,0,0,1,0,0,1,0,0,0,0,0,1,0,1,3
240051,39.1636908607461,-84.421791355268,1,0,0,0,0,0,0,0,0,0,0,0,0,0,0,1,0,0,0,0,1
240060,39.1839408703473,-84.4217913551907,0,0,0,0,0,0,0,0,0,0,0,1,0,0,1,0,0,0,0,2,2
250007,39.0646930799414,-84.4240505650856,0,0,0,0,1,0,0,0,0,0,0,0,0,0,0,0,0,1,0,0,2
250038,39.1344431145811,-84.4240505648163,0,0,0,0,0,0,0,0,0,0,0,1,0,0,0,0,0,0,0,1,1
250041,39.1411931179119,-84.4240505647903,0,0,0,1,0,0,0,0,0,1,0,0,0,0,1,0,0,2,0,1,4
250042,39.1434431190213,-84.4240505647816,0,0,1,0,0,0,0,0,2,0,0,0,1,0,0,0,0,3,0,1,10
250046,39.1524431234548,-84.4240505647468,0,0,0,0,0,0,1,0,0,0,1,1,0,0,0,0,0,1,0,2,4
250059,39.1816931378173,-84.4240505646338,0,0,1,0,0,2,0,0,0,0,0,1,3,1,0,0,0,2,0,6,16
250062,39.1884431411216,-84.4240505646077,0,0,0,0,0,0,0,0,0,0,0,0,0,0,1,0,0,0,0,1,1
260030,39.1164453295406,-84.4263097744674,0,0,0,0,1,0,0,3,0,0,0,1,0,0,0,0,0,1,0,4,7
260032,39.120945331841,-84.4263097744498,0,0,0,0,0,0,0,0,0,0,0,1,0,0,0,0,0,0,0,1,2
260035,39.1276953352884,-84.4263097744235,0,0,0,1,0,1,0,0,0,0,0,0,0,0,0,0,0,0,0,2,4
260036,39.1299453364367,-84.4263097744147,0,0,0,0,0,0,0,0,0,0,0,1,0,0,0,0,0,0,0,1,5
260046,39.1524453478953,-84.4263097743269,0,0,0,0,0,0,0,0,1,0,0,0,0,0,0,0,0,1,0,0,2
260057,39.1771953604498,-84.4263097742303,0,0,0,0,1,0,0,0,0,0,0,2,1,0,0,0,0,1,0,3,6
260059,39.1816953627268,-84.4263097742127,0,0,1,0,1,0,0,0,1,1,1,6,1,0,1,0,0,4,1,8,17
260060,39.1839453638646,-84.4263097742039,0,0,0,0,0,0,0,0,0,0,0,1,0,0,0,0,0,0,0,1,1
270020,39.0939474979102,-84.4285689842787,0,0,0,0,0,0,0,1,0,0,0,0,0,0,0,0,0,0,1,0,1
270031,39.1186975109818,-84.4285689841813,0,1,0,0,0,0,0,0,0,0,0,1,0,0,0,0,0,1,0,1,2
270035,39.1276975157217,-84.4285689841458,0,0,0,0,0,0,0,0,0,0,1,0,0,0,0,0,0,0,0,1,2
270041,39.1411975228181,-84.4285689840927,0,1,0,0,0,0,0,0,0,0,0,0,0,0,0,0,0,1,0,0,2
270045,39.1501975275401,-84.4285689840572,0,0,0,0,0,0,0,0,0,0,0,1,0,0,0,0,0,0,0,1,1
270047,39.1546975298984,-84.4285689840395,2,0,2,0,0,0,0,0,1,0,0,0,0,0,0,2,0,2,0,1,7
270061,39.1861975463565,-84.4285689839155,0,0,3,1,2,0,0,0,14,1,0,7,6,1,4,0,0,20,3,16,68
280026,39.1074496415571,-84.430828194087,0,0,0,0,0,0,0,0,1,0,0,0,0,0,0,0,0,0,0,1,1
280031,39.1186996476669,-84.4308281940424,0,0,0,0,0,0,0,1,0,0,0,0,0,0,0,0,0,0,0,1,2
280034,39.1254496513273,-84.4308281940156,0,0,0,0,0,0,0,2,1,0,0,0,0,0,0,0,0,1,0,2,5
280036,39.1299496537652,-84.4308281939978,0,0,0,0,0,0,0,1,0,0,0,0,0,0,0,0,0,0,0,1,6
280037,39.1321996549835,-84.4308281939888,0,0,0,0,1,0,0,0,0,0,0,0,0,0,0,0,0,0,0,1,1
280046,39.1524496659273,-84.4308281939085,0,0,2,1,0,0,0,0,3,0,0,0,0,0,0,0,0,2,0,4,20
280050,39.1614496707792,-84.4308281938728,0,0,0,0,0,0,0,0,0,1,0,0,0,0,0,0,0,1,0,0,1
280057,39.1771996792523,-84.4308281938103,0,0,0,0,0,0,0,0,1,0,0,0,0,0,0,0,0,0,0,1,1
280058,39.1794496804609,-84.4308281938014,0,0,0,1,1,1,0,0,4,0,0,3,4,2,0,0,0,5,0,11,37
280060,39.1839496828768,-84.4308281937835,0,0,0,0,0,0,0,0,1,0,0,1,0,0,0,0,0,2,0,0,3
290024,39.1029517319494,-84.4330874041019,0,0,0,0,0,0,0,0,0,0,0,0,0,0,1,0,0,0,0,1,1
290027,39.1097017357223,-84.433087404075,0,0,0,0,0,0,1,0,0,0,0,0,0,0,0,0,1,0,0,0,1
290028,39.111951736979,-84.433087404066,0,0,1,0,0,0,0,0,0,0,0,0,0,0,0,0,0,1,0,0,2
290030,39.116451739491,-84.4330874040481,0,0,0,0,0,0,0,0,0,0,0,1,0,0,0,0,0,1,0,0,1
290031,39.1187017407463,-84.4330874040391,0,0,0,0,0,0,0,0,0,0,0,1,0,0,0,0,0,0,0,1,3
290036,39.1299517470156,-84.4330874039942,0,0,0,0,1,0,0,0,0,0,0,0,0,0,0,0,0,1,0,0,2
290045,39.1502017582705,-84.4330874039134,0,0,4,0,2,0,0,0,3,2,0,3,1,3,1,0,0,7,0,12,33
290046,39.1524517595186,-84.4330874039045,0,0,0,0,0,0,0,0,2,1,0,0,1,0,1,0,0,1,0,4,5
290048,39.1569517620136,-84.4330874038865,0,0,0,1,0,0,0,0,1,0,0,1,0,0,1,0,0,1,0,3,6
290052,39.1659517669978,-84.4330874038506,0,0,0,0,0,0,0,0,0,0,0,1,0,0,0,0,0,0,0,1,1
290058,39.1794517744598,-84.4330874037967,0,0,0,0,0,0,0,0,0,0,0,1,0,0,0,0,0,0,0,1,1
290061,39.1862017781845,-84.4330874037698,0,0,0,0,0,0,0,0,0,0,0,1,0,0,0,0,0,1,0,0,1
300028,39.1119537863521,-84.4353466141957,0,0,1,0,0,0,0,0,0,0,0,0,0,0,0,0,0,0,0,1,1
300030,39.1164537889311,-84.4353466141776,0,0,0,0,0,0,0,0,1,0,0,1,2,0,0,0,0,2,0,2,7
300031,39.1187037902199,-84.4353466141686,0,0,0,0,0,0,0,0,0,0,0,1,0,0,0,0,0,0,0,1,15
300032,39.1209537915082,-84.4353466141596,0,1,0,3,1,1,2,0,5,0,0,5,1,2,1,0,2,11,1,8,34
300038,39.1344537992279,-84.4353466141056,1,0,4,0,0,0,0,0,2,0,1,3,1,0,0,0,0,2,0,10,30
300041,39.1412038030812,-84.4353466140785,0,0,1,0,1,0,0,0,1,0,0,0,0,0,0,0,0,0,1,2,4
300042,39.1434538043646,-84.4353466140695,0,0,0,0,2,0,0,0,0,0,0,2,0,0,0,0,0,2,0,2,5
300044,39.1479538069301,-84.4353466140515,0,0,0,0,0,0,0,0,0,0,0,1,0,0,0,0,0,0,0,1,1
300045,39.1502038082121,-84.4353466140425,0,0,0,0,0,0,0,0,0,1,0,0,1,0,1,0,0,1,0,2,6
300046,39.1524538094936,-84.4353466140335,1,0,0,0,0,0,0,0,3,0,0,4,1,0,0,1,0,3,1,4,9
300047,39.1547038107746,-84.4353466140244,0,0,0,0,0,0,0,0,0,0,0,1,0,0,0,0,0,1,0,0,2
300056,39.174953822282,-84.4353466139433,0,0,0,0,1,0,0,0,0,0,0,0,1,0,0,0,0,2,0,0,2
300061,39.1862038286579,-84.4353466138982,0,0,0,0,0,0,0,0,0,0,0,1,0,0,0,0,0,1,0,0,1
310028,39.1119557921215,-84.4376058244553,0,0,0,0,1,0,1,0,1,0,0,5,1,0,0,0,1,2,1,5,14
310029,39.1142057934441,-84.4376058244463,0,0,0,0,0,0,0,0,0,0,0,1,1,0,0,0,0,0,0,2,2
310030,39.1164557947662,-84.4376058244373,0,0,0,0,1,0,0,0,0,0,0,2,0,0,0,0,0,1,0,2,6
310031,39.1187057960878,-84.4376058244282,0,0,1,0,1,0,1,0,1,0,0,1,2,0,0,0,1,4,0,2,10
310043,39.1457058119083,-84.4376058243198,0,0,0,0,0,0,0,0,0,0,0,1,0,0,0,0,0,0,0,1,3
310044,39.1479558132234,-84.4376058243107,0,0,0,0,0,1,0,0,0,0,0,3,1,0,0,0,0,0,0,5,5
310045,39.150205814538,-84.4376058243017,0,0,2,0,1,0,0,0,0,0,0,1,0,0,0,0,0,1,0,3,5
310046,39.1524558158522,-84.4376058242927,0,0,0,0,0,0,0,0,0,0,0,1,0,0,0,0,0,0,0,1,6
310048,39.156955818479,-84.4376058242746,0,0,0,0,0,0,0,0,0,1,0,2,0,0,0,0,0,0,0,3,3
310058,39.1794558315829,-84.4376058241842,0,0,0,0,0,0,0,0,0,0,0,1,0,0,0,0,0,0,0,1,3
310059,39.1817058328906,-84.4376058241751,0,0,0,0,0,0,0,0,0,0,0,1,0,0,0,0,0,0,0,1,1
310062,39.1884558368106,-84.437605824148,0,0,0,0,0,0,0,0,0,0,0,0,0,0,1,0,0,0,0,1,1
320030,39.1164577569962,-84.4398650348241,0,0,0,0,0,0,0,0,1,0,0,1,0,0,0,0,1,1,0,0,2
320035,39.1277077637597,-84.4398650347789,0,0,0,0,1,0,0,1,0,0,0,1,0,0,0,0,0,1,0,2,4
320039,39.1367077691612,-84.4398650347427,0,0,0,0,0,0,0,0,0,0,0,1,0,0,0,0,0,0,0,1,7
320040,39.1389577705104,-84.4398650347336,0,0,1,0,1,0,0,0,0,0,0,0,1,0,0,0,0,1,0,2,15
320044,39.1479577759017,-84.4398650346974,0,0,0,0,0,0,0,0,0,0,0,2,1,0,0,0,0,0,0,3,3
320045,39.1502077772483,-84.4398650346884,0,0,0,0,0,0,0,0,0,0,1,2,1,0,0,0,0,2,0,2,6
330042,39.1434596922079,-84.4421242452268,0,0,7,2,1,1,0,0,3,1,0,2,8,0,0,0,2,11,0,12,64
330043,39.1457096935867,-84.4421242452177,0,0,2,0,4,0,0,0,3,0,0,4,0,0,3,0,0,3,0,13,39
330044,39.147959694965,-84.4421242452086,0,0,0,0,0,0,0,0,0,0,0,0,0,0,1,0,0,0,0,1,1
330058,39.1794597142064,-84.4421242450819,0,0,0,0,0,0,0,0,0,0,0,0,0,0,1,0,0,0,0,1,1
340036,39.1299615591278,-84.444383455914,0,0,0,0,0,0,0,0,0,0,0,1,0,0,0,0,0,0,0,1,1
340039,39.1367115633639,-84.4443834558869,0,0,0,1,0,0,0,0,0,0,0,1,0,0,0,0,0,1,0,1,2
340042,39.1434615675952,-84.4443834558598,0,0,1,0,2,0,0,0,0,1,0,1,0,0,0,0,0,3,0,2,5
350032,39.120963384947,-84.446642666702,0,0,0,0,0,0,0,0,1,0,0,0,0,0,0,0,0,1,0,0,1
350042,39.1434633993688,-84.4466426666118,0,0,0,0,0,0,2,0,0,0,0,1,0,1,2,0,2,0,0,4,8
360034,39.1254651757625,-84.4489018775519,0,0,0,0,0,0,0,0,1,0,0,0,0,0,0,0,0,0,0,1,1
360039,39.1367151831207,-84.448901877507,0,0,1,0,0,0,0,0,1,0,0,0,0,0,0,0,0,2,0,0,12
370039,39.1367169275819,-84.4511610884884,0,0,0,0,1,0,0,1,1,1,0,0,1,0,0,0,0,3,1,1,8
370043,39.1457169335721,-84.4511610884527,0,0,0,0,0,1,0,0,1,0,0,0,0,0,1,0,0,0,0,3,3
380033,39.1232186192628,-84.4534202996338,0,0,0,0,0,0,0,0,0,0,0,1,1,0,0,0,0,2,0,0,2
380040,39.1389686299577,-84.4534202995715,1,0,1,0,0,0,0,0,0,0,0,1,0,0,0,0,0,0,0,3,3
380070,39.2064686754727,-84.4534202993047,0,0,0,0,0,0,0,0,0,0,1,0,0,0,0,0,0,0,0,1,1
390041,39.1412202887755,-84.4556795107625,0,0,0,0,0,0,0,0,0,0,0,2,0,0,0,0,0,2,0,0,2
390042,39.1434702903275,-84.4556795107537,0,0,0,0,0,0,0,0,0,0,0,1,0,0,0,0,0,1,0,0,1
390063,39.1907203227828,-84.4556795105683,0,0,0,0,2,0,0,0,0,1,0,0,0,0,0,0,0,2,0,1,3
400034,39.1254718913905,-84.4579387221286,0,0,1,0,1,0,0,0,1,0,0,1,0,0,0,0,0,4,0,0,5
400042,39.1434719040332,-84.4579387220586,0,0,0,0,0,0,0,0,2,0,0,1,0,0,0,0,0,0,0,3,3
400043,39.1457219056108,-84.4579387220499,0,0,1,0,0,0,0,0,0,0,0,0,0,0,1,0,0,0,0,2,2
410037,39.1322234661001,-84.4601979335091,0,0,0,1,0,0,0,0,1,0,0,0,1,0,0,0,0,3,0,0,3
410060,39.1839735028899,-84.4601979333097,0,0,0,0,0,0,0,0,0,1,0,0,0,0,0,0,0,1,0,0,1
420037,39.1322249924541,-84.4624571450151,0,0,1,0,0,0,0,0,0,0,0,0,0,0,0,0,0,1,0,0,2
420074,39.2154750523954,-84.4624571446978,0,0,0,0,0,0,0,0,1,0,0,0,0,0,0,0,0,1,0,0,1
430054,39.1704765032534,-84.4647163564737,0,0,1,0,0,0,0,0,0,0,0,1,0,0,1,0,0,0,0,3,3
430067,39.1997265245855,-84.4647163563635,0,0,0,0,0,0,0,0,0,1,0,0,1,0,0,0,0,1,0,1,2
440038,39.1344779160107,-84.4669755683055,0,0,0,0,0,0,0,0,0,0,0,1,1,0,0,0,0,0,0,2,2
440043,39.1457279243952,-84.4669755682638,0,0,1,0,0,0,0,0,0,0,0,1,0,0,0,0,0,0,0,2,2
450038,39.1344793115572,-84.4692347800929,0,0,0,0,0,0,0,1,0,0,0,0,1,0,0,0,0,0,0,2,2
450042,39.1434793183571,-84.46923478006,0,0,1,0,0,0,0,0,2,0,0,5,0,0,3,0,0,4,0,7,19
460042,39.1434806703809,-84.471493991936,0,0,0,0,0,0,0,0,0,0,0,1,0,0,0,0,0,1,0,0,1
460070,39.2064807183047,-84.471493991709,0,0,0,0,0,0,0,0,0,0,0,0,1,0,0,0,0,1,0,0,1
470043,39.1457319805329,-84.4737532038894,0,0,1,0,0,0,0,2,0,0,0,1,0,0,0,0,0,1,0,3,4
470048,39.1569819892313,-84.4737532038496,0,0,0,0,0,0,0,1,0,0,0,0,0,0,2,0,0,0,0,3,3
480037,39.1322332347665,-84.4760124159804,0,0,0,0,0,0,0,0,0,0,0,1,0,0,0,0,0,0,0,1,1
480039,39.136733238297,-84.4760124159648,0,0,0,0,0,0,0,0,1,0,0,2,0,0,1,0,1,1,0,2,4
480047,39.1547332523924,-84.4760124159022,0,0,0,0,0,0,0,0,0,0,0,1,0,0,1,0,0,0,0,2,3
480067,39.1997332874439,-84.4760124157459,0,0,0,0,0,0,0,0,0,0,1,0,0,0,0,0,0,0,0,1,1
490044,39.1479844683343,-84.4782716280498,0,0,0,0,0,0,0,1,0,0,0,0,0,0,0,0,0,0,0,1,1
490048,39.1569844754534,-84.4782716280191,0,0,0,1,0,0,0,0,0,1,0,1,0,0,1,0,0,1,0,3,5
490049,39.1592344772315,-84.4782716280115,0,0,0,0,0,0,0,0,0,0,0,2,0,0,0,0,0,2,0,0,2
490053,39.1682344843371,-84.4782716279808,0,0,0,0,0,0,0,0,0,0,0,4,1,0,6,0,0,2,0,9,13
490056,39.1749844896592,-84.4782716279578,0,0,0,0,1,0,0,0,0,0,0,1,0,0,0,0,0,1,1,0,2
490065,39.195234505589,-84.4782716278888,0,0,0,0,0,0,0,0,0,1,0,0,0,0,0,0,0,1,0,0,1
500036,39.1299856315178,-84.4805308403109,0,0,0,1,0,0,0,0,0,0,0,1,0,0,1,0,0,1,0,2,4
500044,39.1479856459419,-84.4805308402509,0,0,1,0,0,0,0,0,0,0,0,0,0,0,0,0,0,0,0,1,1
500045,39.1502356477419,-84.4805308402434,0,0,0,0,0,0,0,0,0,0,0,0,1,0,0,0,0,0,0,1,1
500052,39.1659856603224,-84.4805308401909,0,0,0,0,0,0,0,0,0,0,0,0,0,0,1,0,0,0,0,1,1
500057,39.177235669288,-84.4805308401533,0,0,0,0,0,0,0,0,0,0,0,1,0,0,0,0,0,0,0,1,1
500066,39.197485685383,-84.4805308400858,0,0,0,0,1,0,0,1,0,0,0,1,0,0,0,0,0,1,0,2,6
510036,39.1299867653625,-84.4827900525848,0,0,0,0,0,0,0,0,0,0,0,1,0,0,0,0,0,1,0,0,1
510037,39.1322367671865,-84.4827900525775,0,0,0,0,0,0,0,0,0,0,0,1,0,0,0,0,0,1,0,0,2
510047,39.1547367853876,-84.4827900525042,0,0,0,0,0,0,0,0,0,0,0,1,0,0,2,0,0,0,0,3,3
510063,39.190736814366,-84.4827900523868,1,1,3,1,1,1,1,3,4,2,1,2,1,0,0,0,1,5,1,15,24
520032,39.1209878482241,-84.4850492649587,0,0,0,0,0,0,0,2,1,0,0,1,0,0,2,0,0,0,0,6,7
520033,39.1232378500686,-84.4850492649516,0,0,0,0,0,0,0,0,0,0,0,1,0,0,0,0,0,0,0,1,1
520035,39.1277378537555,-84.4850492649372,0,0,0,0,0,0,0,0,0,0,0,0,0,0,1,0,0,0,0,1,1
520037,39.1322378574396,-84.4850492649229,0,1,1,0,1,1,0,0,2,2,0,4,0,0,3,0,0,3,2,10,44
520043,39.1457378684751,-84.48504926488,0,0,0,0,0,0,0,0,0,0,0,1,0,0,0,0,0,1,0,0,1
520044,39.147987870312,-84.4850492648728,0,0,0,0,0,0,0,0,0,0,0,2,0,0,0,0,1,0,0,1,2
520046,39.1524878739835,-84.4850492648585,0,0,1,0,0,0,0,0,1,0,0,1,0,0,0,0,1,1,0,1,15
520073,39.213237923277,-84.4850492646652,0,0,0,0,0,0,1,0,0,0,0,1,0,0,0,0,1,1,0,0,2
530029,39.1142388891927,-84.4873084773927,0,0,1,0,0,0,0,3,2,0,0,1,0,0,0,0,2,1,0,4,9
530031,39.1187388929194,-84.4873084773788,0,0,1,0,1,0,0,0,0,0,0,1,1,0,0,0,0,1,0,3,5
530032,39.1209888947816,-84.4873084773718,0,0,0,0,0,0,0,0,0,2,0,0,1,0,0,0,1,2,0,0,3
530033,39.1232388966432,-84.4873084773648,0,0,0,0,0,0,0,0,0,0,0,0,0,0,1,0,0,0,0,1,1
540028,39.1119898902136,-84.4895676898778,0,0,1,0,0,0,0,0,0,0,0,0,0,0,0,0,0,0,0,1,1
540031,39.118739895854,-84.4895676898574,0,0,0,0,0,0,0,0,1,0,0,1,0,0,0,0,0,0,0,2,2
540034,39.1254899014879,-84.4895676898371,0,0,0,0,0,0,0,0,1,0,0,0,0,0,1,0,1,0,0,1,2
540041,39.141239914609,-84.4895676897896,0,0,0,0,0,0,0,0,0,0,0,1,0,0,0,0,1,0,0,0,1
550032,39.1209908570771,-84.4918269023924,0,0,0,0,1,0,0,0,1,0,0,3,0,0,0,0,1,1,0,3,5
550034,39.1254908608637,-84.4918269023792,0,0,0,1,0,0,0,0,0,0,0,0,0,0,1,0,0,0,0,2,5
550041,39.1412408740943,-84.491826902333,0,0,0,0,2,0,1,0,2,0,0,5,3,0,0,0,1,11,0,1,13
560026,39.107491761348,-84.4940861150326,0,0,1,0,0,0,0,0,1,0,0,11,0,0,7,0,1,2,0,17,25
560027,39.109741763261,-84.4940861150262,0,0,0,0,0,0,0,0,0,0,0,1,0,0,0,0,0,0,0,1,1
560029,39.1142417670847,-84.4940861150134,0,0,0,0,0,0,0,0,0,0,0,1,0,0,0,0,0,0,0,1,3
560034,39.1254917766315,-84.4940861149815,0,0,0,0,1,0,0,0,1,0,0,0,0,0,0,0,1,1,0,0,2
560036,39.1299917804452,-84.4940861149687,0,0,0,0,0,0,0,0,0,0,0,0,0,1,0,0,0,0,0,1,1
560038,39.134491784256,-84.4940861149559,0,0,0,0,0,0,0,0,1,0,0,0,1,0,0,0,0,2,0,0,2
570025,39.1052426314658,-84.4963453276967,0,0,1,0,0,0,0,0,0,0,0,0,0,0,0,0,0,0,0,1,1
570026,39.1074926333937,-84.4963453276906,0,0,0,0,0,0,0,0,0,0,0,3,0,0,1,0,0,0,0,4,4
570027,39.109742635321,-84.4963453276844,0,0,0,0,0,0,0,0,0,0,0,1,0,0,0,0,0,1,0,0,1
570034,39.1254926487913,-84.4963453276411,0,0,0,0,0,1,0,0,0,0,0,2,0,0,0,0,0,1,0,2,3
570038,39.1344926564727,-84.4963453276164,0,0,0,0,0,0,0,0,0,0,0,0,1,0,0,0,0,1,0,0,1
580026,39.1074934618371,-84.498604540403,0,0,0,0,0,0,0,0,2,0,0,0,0,0,0,0,0,1,0,1,2
580027,39.109743463778,-84.4986045403971,0,0,0,0,0,0,0,0,1,0,0,3,2,0,0,0,0,1,0,5,6
580028,39.111993465718,-84.4986045403911,0,0,0,0,1,0,0,0,0,0,0,0,0,0,0,0,0,1,0,0,2
580034,39.1254934773432,-84.4986045403553,0,0,1,0,0,0,0,0,0,0,0,1,0,0,0,0,1,0,0,1,5
580035,39.1277434792782,-84.4986045403493,0,0,0,0,0,0,0,0,0,0,0,1,1,0,0,0,0,1,0,1,2
580036,39.1299934812124,-84.4986045403433,0,0,0,0,1,1,0,0,2,0,0,1,2,1,0,0,0,3,1,4,9
580037,39.1322434831459,-84.4986045403374,0,0,0,0,0,0,0,0,0,0,0,0,1,0,1,0,0,1,0,1,2
580038,39.1344934850787,-84.4986045403314,0,0,0,0,0,0,0,0,1,0,0,0,0,0,0,0,0,1,0,0,1
580041,39.1412434908726,-84.4986045403135,0,0,0,0,1,0,0,0,0,5,0,0,0,0,0,0,0,6,0,0,7
580042,39.1434934928025,-84.4986045403075,0,0,1,0,0,0,0,0,0,0,0,0,0,0,0,0,0,0,0,1,2
580043,39.1457434947316,-84.4986045403015,0,0,0,0,0,0,0,0,0,0,0,3,0,0,0,0,0,2,1,0,3
590024,39.1029942427687,-84.5008637531787,0,0,6,0,0,0,2,0,2,2,0,1,2,0,0,1,2,2,0,10,33
590028,39.1119942505849,-84.5008637531557,0,0,0,0,0,0,0,0,1,0,0,0,0,0,0,0,0,1,0,0,1
590032,39.1209942583893,-84.5008637531327,0,0,0,0,0,0,0,0,0,0,0,0,1,0,1,0,0,1,0,1,2
590034,39.125494262287,-84.5008637531212,0,0,0,0,0,0,0,0,0,0,0,1,0,0,0,0,0,1,0,0,1
590035,39.1277442642348,-84.5008637531154,0,0,4,1,0,0,0,0,0,0,0,0,0,0,0,0,0,1,0,4,5
590037,39.1322442681282,-84.5008637531039,0,0,4,5,0,2,0,0,0,1,0,2,7,1,1,0,0,6,0,17,37
600023,39.1007449820152,-84.503122965997,0,0,0,0,0,0,0,0,0,0,0,1,0,0,0,0,0,0,0,1,6
600035,39.1277450055828,-84.5031229659305,0,0,0,0,2,0,0,0,0,0,0,1,0,0,0,0,0,2,0,1,4
600041,39.1412450173266,-84.5031229658973,0,0,0,0,1,0,0,0,0,0,0,0,0,0,0,0,0,0,0,1,2
600049,39.1592450329436,-84.503122965853,0,0,0,0,0,0,0,0,0,0,0,1,0,0,0,0,0,1,0,0,1
610023,39.1007456796175,-84.5053821788555,0,0,2,2,1,0,0,0,3,0,0,4,1,0,1,0,0,3,0,11,14
610024,39.1029956815969,-84.5053821788502,0,0,5,0,0,0,0,0,3,0,0,2,2,2,0,0,0,0,0,14,20
610025,39.1052456835757,-84.5053821788449,0,0,2,0,0,0,0,0,1,0,0,1,0,0,0,0,0,0,1,3,4
610026,39.1074956855537,-84.5053821788396,0,0,1,0,0,0,0,0,0,0,0,0,0,0,0,0,0,1,0,0,1
610027,39.1097456875309,-84.5053821788343,0,1,0,0,0,0,0,0,0,0,0,1,0,0,0,0,0,2,0,0,3
610028,39.1119956895074,-84.5053821788289,0,0,0,0,1,0,0,0,0,1,0,1,1,0,0,0,0,1,0,3,4
610029,39.1142456914832,-84.5053821788236,0,0,0,0,1,0,0,0,0,0,0,0,0,0,0,0,0,1,0,0,1
610031,39.1187456954325,-84.505382178813,0,0,0,0,0,0,0,0,0,0,0,2,0,0,0,0,0,0,0,2,2
610037,39.1322457072624,-84.5053821787812,1,1,0,0,0,0,0,0,3,1,0,0,0,0,0,1,0,1,4,0,6
610040,39.1389957131674,-84.5053821787652,0,0,3,1,0,1,0,0,0,1,0,2,1,0,1,0,0,3,1,6,14
610042,39.1434957171003,-84.5053821787546,0,0,0,0,0,0,0,0,0,0,0,0,0,0,1,0,0,0,0,1,1
610043,39.1457457190656,-84.5053821787493,0,0,0,0,1,0,0,0,0,0,0,0,0,0,0,0,0,1,0,0,1
610044,39.1479957210302,-84.505382178744,0,0,0,0,0,0,0,1,1,2,2,3,1,0,0,1,1,3,2,3,10
620024,39.1029963356098,-84.5076413917523,0,1,1,1,1,0,0,0,3,1,0,2,4,0,0,0,0,5,1,8,15
620026,39.1074963395879,-84.5076413917421,0,0,4,1,0,0,0,0,0,0,0,0,1,1,1,0,0,1,0,7,13
620027,39.1097463415759,-84.507641391737,0,0,1,0,0,0,1,0,0,0,0,0,1,0,0,0,1,0,0,2,7
620028,39.1119963435631,-84.507641391732,0,0,1,0,0,0,0,0,0,0,0,3,0,0,1,0,0,0,0,5,7
620029,39.1142463455496,-84.5076413917269,0,0,0,0,1,0,0,0,0,0,0,0,0,0,0,0,0,1,0,0,1
620035,39.1277463574527,-84.5076413916964,0,0,1,0,1,0,0,0,0,1,1,0,1,0,0,0,0,2,0,3,7
620037,39.1322463614144,-84.5076413916862,0,1,0,1,0,0,0,0,1,1,0,0,0,0,0,0,0,3,1,0,4
620038,39.1344963633941,-84.5076413916812,0,0,1,0,0,0,0,0,0,0,0,0,0,0,0,0,0,0,0,1,1
630023,39.1007469440215,-84.5099006046997,0,0,0,0,1,0,0,0,0,0,0,0,0,0,0,0,0,0,0,1,1
630024,39.1029969460217,-84.5099006046949,0,0,2,0,0,1,0,0,1,0,0,0,1,0,0,0,0,0,1,4,5
630025,39.1052469480212,-84.50990060469,0,0,6,0,0,0,0,0,2,0,1,0,3,0,0,1,1,1,0,9,13
630028,39.1119969540151,-84.5099006046755,0,0,0,0,0,0,0,0,0,0,0,0,0,0,1,0,0,0,0,1,1
630029,39.1142469560116,-84.5099006046706,0,1,0,0,2,0,0,0,0,0,0,0,0,0,1,0,0,3,0,1,5
630030,39.1164969580073,-84.5099006046658,0,0,1,0,0,0,0,0,2,0,0,2,1,0,0,0,1,1,0,4,9
630031,39.1187469600022,-84.509900604661,0,0,2,0,0,0,0,0,0,1,0,0,0,0,1,0,0,1,0,3,4
630032,39.1209969619964,-84.5099006046561,0,0,0,0,0,0,0,0,0,0,0,0,0,0,1,0,0,0,0,1,1
630036,39.1299969699657,-84.5099006046367,0,0,0,1,0,0,0,0,0,0,0,1,0,0,0,0,0,0,0,2,2
630037,39.1322469719562,-84.5099006046319,0,0,1,1,4,0,0,0,2,0,1,0,0,0,0,0,1,3,2,3,9
630039,39.1367469759348,-84.5099006046222,0,0,0,0,1,0,0,0,1,0,0,0,0,0,0,0,0,0,0,2,2
630045,39.1502469878526,-84.5099006045931,0,1,1,2,0,3,2,0,3,1,0,2,0,0,0,0,2,5,1,7,15
640021,39.0962475068021,-84.5121598176891,0,0,0,0,0,0,0,0,0,0,1,0,0,0,0,0,0,0,0,1,1
640022,39.0984975088131,-84.5121598176844,0,0,0,0,0,0,1,0,1,0,0,0,0,0,1,0,2,0,0,1,3
640023,39.1007475108233,-84.5121598176799,0,0,0,0,0,0,0,0,1,0,0,0,1,0,0,0,0,0,0,2,2
640025,39.1052475148416,-84.5121598176706,0,1,1,0,0,0,0,0,0,0,1,0,0,0,0,0,0,1,0,2,5
640026,39.1074975168496,-84.512159817666,0,0,0,0,0,0,0,0,1,0,0,0,0,0,0,0,1,0,0,0,1
640027,39.1097475188569,-84.5121598176614,0,0,1,1,0,0,0,0,0,1,0,2,0,0,1,0,0,1,0,5,8
640028,39.1119975208634,-84.5121598176568,0,0,0,0,0,0,1,0,2,0,1,2,2,0,0,0,2,2,0,4,8
640029,39.1142475228691,-84.5121598176522,0,0,0,0,0,0,0,0,1,0,1,4,0,0,0,0,0,1,1,4,6
640030,39.1164975248741,-84.5121598176476,0,0,0,0,1,0,0,0,0,0,0,0,0,0,0,0,0,1,0,0,1
640035,39.1277475348877,-84.5121598176245,0,0,0,0,1,0,0,0,0,0,0,0,0,0,0,0,0,0,0,1,1
640036,39.1299975368881,-84.5121598176199,0,0,0,0,0,0,0,0,1,0,0,0,0,0,0,0,0,0,0,1,1
640041,39.141247546879,-84.5121598175969,1,0,2,0,1,0,0,0,0,0,0,0,0,0,1,0,0,2,0,3,20
640044,39.1479975528645,-84.512159817583,0,0,0,0,0,0,0,0,0,0,0,2,0,0,0,0,0,1,0,1,2
640052,39.1659975687925,-84.5121598175462,0,0,0,0,0,0,0,0,0,0,0,0,2,0,0,0,1,1,0,0,3
650022,39.0984980320062,-84.5144190306992,0,0,0,0,0,0,0,0,0,0,0,0,1,0,0,0,0,1,0,0,1
650023,39.100748034025,-84.5144190306949,0,0,1,0,0,0,0,1,0,0,0,0,1,0,0,0,0,0,0,3,3
650024,39.1029980360431,-84.5144190306905,0,0,1,0,1,0,1,0,0,0,1,0,0,0,0,0,1,0,0,3,6
650025,39.1052480380605,-84.5144190306861,0,0,0,2,0,0,1,0,1,0,0,0,0,0,0,0,1,2,0,1,4
650027,39.1097480420928,-84.5144190306774,0,0,0,0,0,0,0,0,0,0,0,1,1,0,0,0,0,0,0,2,2
650028,39.1119980441079,-84.5144190306731,0,0,0,2,0,0,0,0,1,0,0,2,1,0,0,0,0,5,0,1,6
650029,39.1142480461222,-84.5144190306687,0,0,0,1,1,0,1,0,2,1,0,5,3,0,3,1,1,4,1,10,17
650030,39.1164980481358,-84.5144190306643,0,0,0,1,0,0,0,0,0,0,0,0,0,0,0,0,0,0,0,1,1
650033,39.1232480541718,-84.5144190306512,0,0,0,0,0,0,0,0,0,0,0,0,0,0,1,0,0,1,0,0,1
650035,39.1277480581921,-84.5144190306425,1,0,1,0,0,0,1,0,1,0,1,6,0,0,2,0,1,2,0,10,14
650039,39.1367480662235,-84.514419030625,0,0,0,0,0,1,0,0,0,0,0,1,0,0,0,0,0,1,0,1,2
650042,39.1434980722391,-84.5144190306119,0,0,0,0,0,0,0,0,3,0,0,2,0,0,0,0,0,0,0,5,5
650043,39.1457480742428,-84.5144190306075,0,0,0,0,0,0,0,0,0,0,0,4,0,0,0,0,0,0,0,4,6
660022,39.0984985115998,-84.5166782437462,0,1,4,1,1,1,0,0,1,0,0,1,0,2,0,0,0,1,0,11,13
660024,39.1029985156525,-84.5166782437379,0,0,2,0,0,0,0,0,1,0,0,2,1,1,0,0,0,0,0,7,7
660025,39.1052485176777,-84.5166782437338,0,0,1,0,0,0,0,0,1,0,1,2,1,0,0,0,0,2,0,4,12
660027,39.1097485217258,-84.5166782437256,0,0,6,2,0,0,0,0,2,1,0,1,5,0,0,0,1,1,1,14,21
660028,39.1119985237487,-84.5166782437214,0,0,0,0,1,0,0,0,0,1,0,1,0,0,0,0,0,1,1,1,3
660029,39.1142485257709,-84.5166782437173,0,0,0,0,0,1,0,0,0,0,0,1,1,0,1,0,0,1,0,3,8
660030,39.1164985277923,-84.5166782437132,0,0,0,0,0,0,0,1,0,0,0,0,1,0,0,0,0,1,0,1,2
660033,39.1232485338519,-84.5166782437008,0,0,1,0,0,0,0,0,0,0,0,0,0,0,0,0,1,0,0,0,1
660034,39.1254985358702,-84.5166782436967,0,0,0,0,2,0,0,0,1,1,1,1,0,0,0,0,0,5,0,1,7
660054,39.1704985760771,-84.5166782436142,0,0,1,0,0,0,0,0,0,0,0,0,0,0,0,0,0,0,0,1,1
660056,39.1749985800811,-84.5166782436059,0,0,1,0,0,0,0,0,0,0,0,0,0,0,0,0,0,1,0,0,1
670020,39.093998943524,-84.5189374568302,0,0,1,0,0,0,1,0,0,0,0,2,0,0,0,2,1,0,0,1,4
670023,39.1007489496279,-84.5189374568186,0,0,2,0,0,0,1,0,1,0,0,0,3,0,0,0,1,0,1,5,8
670026,39.1074989557249,-84.5189374568069,0,0,0,0,0,0,1,0,1,0,0,0,0,0,0,0,2,0,0,0,2
670028,39.1119989597858,-84.5189374567992,0,0,0,0,0,0,0,0,0,1,0,0,0,0,0,0,0,1,0,0,1
670035,39.1277489739748,-84.518937456772,0,0,1,1,0,0,0,0,1,0,0,0,1,1,0,0,0,2,0,3,6
670041,39.141248986107,-84.5189374567488,0,0,0,0,0,0,0,0,1,0,0,0,0,0,0,0,0,1,0,0,1
670042,39.1434989881264,-84.5189374567449,0,0,2,1,0,0,0,0,2,0,0,1,1,0,0,0,0,0,1,6,15
670043,39.145748990145,-84.518937456741,0,0,2,0,0,1,0,2,0,0,1,4,4,0,0,0,0,0,0,14,27
670045,39.1502489941798,-84.5189374567332,0,0,3,0,1,0,0,0,0,0,0,0,1,0,1,0,0,3,0,3,17
670047,39.1547489982116,-84.5189374567255,0,0,0,2,0,0,0,0,1,0,0,2,1,0,2,0,1,1,2,4,22
670049,39.1592490022404,-84.5189374567177,0,0,0,0,0,0,0,1,0,0,0,2,0,0,0,0,0,1,0,2,5
670050,39.1614990042536,-84.5189374567138,0,0,0,0,0,0,0,0,0,0,0,1,0,0,0,0,0,1,0,0,1
670054,39.1704990122989,-84.5189374566983,0,0,0,0,0,0,0,0,1,0,0,1,0,0,0,0,0,1,0,1,2
680024,39.1029993440687,-84.521196669918,0,0,3,0,3,0,0,2,3,3,1,4,2,0,3,0,1,9,6,8,32
680026,39.1074993481455,-84.5211966699107,0,0,0,0,0,0,0,0,0,0,0,0,1,1,1,0,0,0,0,3,3
680029,39.1142493542549,-84.5211966698999,0,0,0,0,0,0,1,0,0,0,0,0,0,0,0,0,1,0,0,0,1
680030,39.1164993562899,-84.5211966698962,0,0,0,0,0,0,0,0,0,0,0,1,1,0,0,0,0,1,0,1,2
680031,39.1187493583241,-84.5211966698926,0,0,0,0,0,0,0,0,0,0,2,0,0,0,0,0,0,0,0,2,2
680032,39.1209993603575,-84.521196669889,0,0,0,0,0,0,0,0,0,0,0,1,0,0,1,0,0,1,0,1,3
680034,39.125499364422,-84.5211966698817,0,0,0,0,0,1,0,0,1,1,0,0,1,0,0,0,0,2,0,2,4
680035,39.1277493664531,-84.5211966698781,0,0,1,0,0,0,0,0,0,0,0,0,0,0,0,0,0,0,0,1,3
680037,39.1322493705131,-84.5211966698708,0,0,0,0,0,0,0,0,1,2,0,0,0,0,0,0,1,1,0,1,3
680042,39.1434993806495,-84.5211966698527,0,0,1,2,4,1,0,0,1,2,0,4,2,0,3,0,1,7,1,11,57
680043,39.1457493826744,-84.521196669849,1,0,0,0,0,0,0,0,0,0,0,0,0,0,0,0,0,0,0,1,3
680044,39.1479993846987,-84.5211966698454,1,0,0,0,0,0,0,1,0,0,0,1,0,0,0,0,0,1,1,1,7
680047,39.1547493907667,-84.5211966698345,0,0,0,0,0,0,0,1,0,0,0,0,0,0,0,0,0,0,0,1,1
690026,39.1074996969637,-84.5234558830383,0,0,1,0,0,0,0,0,0,0,0,1,0,0,0,0,0,0,0,2,4
690031,39.1187497071708,-84.5234558830214,0,0,0,1,0,0,0,0,1,0,0,0,0,0,0,0,1,1,0,0,2
690033,39.1232497112483,-84.5234558830147,0,0,0,0,1,0,0,0,0,0,0,0,0,0,0,0,0,0,0,1,1
690035,39.1277497153227,-84.5234558830079,0,0,0,0,0,0,0,0,0,0,0,1,0,0,0,0,0,1,0,0,1
690037,39.132249719394,-84.5234558830011,0,0,0,0,0,0,0,0,0,0,0,1,0,0,0,0,0,0,0,1,1
690038,39.1344997214285,-84.5234558829978,0,0,0,0,1,0,0,0,0,0,0,1,0,0,0,0,0,0,1,1,2
690042,39.1434997295589,-84.5234558829843,0,0,0,0,0,0,0,0,0,1,0,1,0,0,0,0,0,1,0,1,2
690048,39.1569997417313,-84.523455882964,0,0,0,0,0,0,0,0,0,0,0,1,0,0,0,0,0,0,0,1,1
700020,39.0939999898756,-84.5257150962056,0,0,3,0,0,0,1,0,1,0,0,4,3,0,0,0,1,2,0,9,16
700023,39.1007499960311,-84.5257150961962,0,0,0,0,1,0,0,0,1,1,0,0,0,0,0,0,0,2,0,1,3
700025,39.1052500001309,-84.52571509619,0,0,1,0,0,0,0,0,0,0,0,0,0,0,0,0,0,0,0,1,1
700030,39.1165000103669,-84.5257150961743,0,0,0,0,1,0,0,1,0,2,0,1,0,0,0,0,0,2,0,3,5
700031,39.1187500124118,-84.5257150961712,0,0,0,1,0,0,0,0,0,0,0,0,0,0,0,0,0,0,1,0,1
700032,39.1210000144559,-84.5257150961681,0,0,2,0,1,0,0,0,0,1,0,0,0,0,0,0,1,0,0,3,4
700034,39.1255000185418,-84.5257150961618,0,1,0,0,0,0,0,0,0,0,0,0,0,0,0,0,0,1,0,0,1
700045,39.1502500409592,-84.5257150961275,0,1,0,0,0,0,0,0,1,0,0,3,0,0,0,0,0,0,0,5,5
710030,39.1165002719976,-84.5279743093421,0,0,0,0,0,1,0,0,1,0,0,0,0,0,0,0,0,0,1,1,2
710032,39.1210002760952,-84.5279743093363,0,0,0,0,1,0,1,0,2,0,0,1,0,1,0,0,3,2,0,1,6
710035,39.1277502822357,-84.5279743093277,0,0,0,0,1,0,0,0,0,0,0,0,0,0,0,0,0,0,0,1,1
710037,39.1322502863256,-84.527974309322,0,0,0,0,0,0,0,0,1,0,0,0,0,0,0,0,0,0,0,1,1
710042,39.1435002965366,-84.5279743093076,0,0,0,1,0,0,0,0,0,0,0,1,0,0,4,0,0,0,0,6,19
710045,39.1502503026539,-84.527974309299,0,0,0,0,0,0,1,0,0,0,0,1,0,0,0,0,1,0,0,1,4
720029,39.1142504879697,-84.5302335225278,0,0,0,0,0,0,0,0,0,0,0,1,0,0,0,0,0,1,0,0,1
720037,39.1322505043761,-84.5302335225069,0,0,1,0,0,0,0,0,0,0,0,0,0,0,0,0,0,0,0,1,1
730035,39.1277506747138,-84.5324927357091,0,0,0,0,0,0,0,1,0,0,0,0,0,0,0,0,0,1,0,0,1
730041,39.1412506870125,-84.5324927356949,0,0,0,0,1,0,0,0,0,0,0,0,0,0,0,0,1,0,0,0,1
730045,39.150250695196,-84.5324927356855,0,0,1,0,0,0,0,1,0,1,0,2,15,0,0,0,0,8,1,11,31
730050,39.161500705408,-84.5324927356737,0,0,0,0,0,0,0,0,0,0,0,0,1,0,1,0,0,1,0,1,2
730055,39.1727507156007,-84.5324927356619,0,0,0,0,0,0,0,0,0,0,1,0,1,0,0,0,2,0,0,0,2
730065,39.1952507359278,-84.5324927356384,0,0,0,0,0,0,0,1,0,0,0,0,0,0,0,0,0,0,0,1,1
730074,39.2155007541559,-84.5324927356171,0,0,1,0,0,0,0,0,0,0,0,0,0,0,0,0,0,0,0,1,1
740031,39.1187507973167,-84.5347519489242,0,0,0,0,0,0,0,0,1,0,1,1,0,0,0,0,0,2,1,0,3
740036,39.1300008075937,-84.5347519489137,0,0,1,0,0,0,0,0,1,0,0,0,0,0,0,0,0,1,0,1,2
740037,39.1322508096467,-84.5347519489116,0,0,0,0,0,0,1,0,0,0,0,1,0,0,0,0,1,0,0,1,2
740044,39.1480008239965,-84.5347519488969,0,0,0,0,1,0,0,1,0,0,0,0,0,0,0,0,0,0,0,2,3
740046,39.1525008280894,-84.5347519488927,0,0,0,0,0,0,1,0,0,0,0,0,0,0,0,0,1,0,0,0,3
740050,39.161500836266,-84.5347519488844,0,0,0,0,0,0,0,0,1,0,0,0,0,0,2,0,0,0,0,3,7
740051,39.1637508383082,-84.5347519488822,0,0,0,0,0,0,0,0,1,0,0,0,0,0,0,0,0,1,0,0,1
750033,39.1232508886442,-84.5370111621333,0,0,1,0,0,0,0,0,1,0,0,3,2,0,1,1,1,3,0,3,8
750034,39.125500890701,-84.5370111621314,0,0,0,0,1,0,0,0,0,0,0,1,0,0,1,0,0,1,0,2,3
750038,39.1345008989206,-84.5370111621241,0,0,0,0,0,0,1,0,2,0,0,3,0,1,1,0,0,3,0,5,9
750039,39.1367509009735,-84.5370111621222,0,0,0,0,0,0,0,0,1,0,0,1,0,0,0,0,1,1,0,0,3
750046,39.1525009153223,-84.5370111621094,0,0,0,0,0,0,1,0,2,0,0,0,0,0,0,0,1,1,0,1,10
750050,39.1615009235045,-84.537011162102,0,0,1,0,1,0,0,0,0,1,0,0,0,0,0,0,0,1,0,2,10
750051,39.1637509255482,-84.5370111621002,0,0,2,0,1,0,0,0,2,1,0,4,2,0,1,0,1,1,0,11,13
750052,39.166000927591,-84.5370111620983,0,0,0,0,3,0,0,0,1,1,0,2,1,0,2,0,0,5,0,5,12
760040,39.1390009466378,-84.5392703753396,0,0,0,0,0,0,1,0,0,0,0,0,0,0,0,0,1,0,0,0,1
760049,39.1592509650786,-84.5392703753254,0,0,1,0,0,0,0,0,1,0,0,3,0,0,1,0,0,1,0,5,6
760050,39.1615009671237,-84.5392703753239,0,0,1,1,0,0,0,0,1,0,0,1,0,0,0,0,0,3,0,1,5
760051,39.1637509691681,-84.5392703753223,0,0,2,0,0,0,0,0,0,2,1,5,0,0,0,0,2,3,0,5,13
760052,39.1660009712116,-84.5392703753207,0,2,3,0,0,0,1,1,0,1,1,1,1,0,0,1,1,4,0,5,15
760072,39.2110010119194,-84.5392703752891,0,0,0,0,0,0,0,0,0,0,0,2,0,0,1,0,0,0,0,3,3
770041,39.1412509486897,-84.541529588559,0,0,0,0,0,0,0,0,0,0,0,1,0,0,0,0,1,0,0,0,1
770043,39.1457509527915,-84.5415295885563,0,0,1,0,0,0,0,0,0,0,0,0,0,0,0,0,0,0,0,1,1
770049,39.1592509650785,-84.5415295885484,0,0,0,0,0,0,0,0,1,0,0,1,1,0,0,0,0,1,0,2,5
770055,39.1727509773374,-84.5415295885405,0,0,0,0,0,0,0,0,0,1,0,0,0,0,0,0,0,1,0,0,1
770056,39.1750009793779,-84.5415295885392,0,0,0,0,0,0,0,0,1,0,0,2,0,0,0,0,0,0,0,3,3
770066,39.1975009997395,-84.541529588526,0,0,1,0,0,0,0,0,1,0,1,0,1,0,0,0,1,1,0,2,4
770067,39.1997510017714,-84.5415295885247,0,0,0,0,0,0,0,0,1,0,0,0,0,0,1,0,0,1,0,1,2
780054,39.1705009316738,-84.5437888017647,0,0,0,0,0,0,0,0,0,0,0,0,1,1,0,0,0,0,0,2,2
780058,39.1795009398312,-84.5437888017605,0,0,0,0,1,0,0,0,0,0,0,6,5,0,1,0,1,5,0,7,16
780067,39.1997509581399,-84.5437888017509,0,0,0,0,0,0,0,0,1,0,0,0,0,0,0,0,0,0,0,1,1
790047,39.1547508301338,-84.546048014989,0,0,0,0,0,0,0,0,1,0,0,0,0,0,0,0,0,0,0,1,1
790051,39.1637508383073,-84.5460480149858,0,0,2,0,0,0,0,0,0,0,0,1,0,0,0,0,0,0,0,3,3
790052,39.1660008403487,-84.546048014985,0,0,0,0,0,0,0,0,0,0,0,1,0,0,0,0,0,0,0,1,1
790057,39.1772508505442,-84.546048014981,0,0,0,0,0,0,0,0,0,0,0,1,0,0,0,0,0,1,0,0,2
800025,39.1052506541529,-84.5483072282107,0,0,0,0,0,0,1,0,0,0,0,0,0,0,0,0,1,0,0,0,1
800029,39.1142506623861,-84.5483072282086,0,0,0,0,0,0,0,0,0,0,0,1,0,0,0,0,0,0,0,1,1
800039,39.1367506829148,-84.5483072282032,0,0,0,0,0,0,0,0,0,0,0,0,0,1,0,0,0,1,0,0,1
800053,39.1682507115247,-84.5483072281956,0,0,0,0,0,0,0,0,0,0,0,4,1,0,0,0,0,2,1,2,6
800070,39.206500746061,-84.5483072281864,0,0,0,0,1,0,1,0,0,1,0,5,0,0,1,0,1,3,0,5,9
800071,39.2087507480856,-84.5483072281859,0,0,0,0,0,0,0,0,0,0,0,3,0,0,0,0,0,0,0,3,3
810023,39.1007504756308,-84.5505664414057,0,0,0,0,0,0,0,0,0,0,0,1,1,0,0,0,0,0,0,2,2
810040,39.1390005105141,-84.5505664414009,0,0,0,0,0,0,0,0,1,0,0,0,0,0,0,0,0,1,0,0,1
810052,39.1660005350029,-84.5505664413975,0,0,0,0,0,0,0,0,0,0,0,1,0,0,1,0,0,0,0,2,2
810053,39.1682505370386,-84.5505664413972,0,0,0,0,0,0,0,0,0,0,0,0,1,0,1,0,0,0,0,2,2
810065,39.1952505614065,-84.5505664413938,0,0,1,0,2,0,0,0,0,0,0,5,0,0,0,0,0,3,0,5,12
810066,39.1975005634322,-84.5505664413936,0,0,0,0,0,0,0,0,0,0,0,3,0,0,0,0,0,1,0,2,3
810067,39.199750565457,-84.5505664413933,0,0,0,0,0,0,0,0,1,0,1,0,1,0,1,0,0,2,0,2,4
810068,39.2020005674811,-84.550566441393,0,0,2,0,0,0,0,0,0,0,0,0,0,0,0,0,0,1,0,1,2
810070,39.2065005715269,-84.5505664413924,0,0,0,0,0,0,0,0,2,1,1,2,0,0,0,0,0,3,0,3,7
810071,39.2087505735487,-84.5505664413921,0,0,0,0,0,1,0,0,0,0,0,2,0,1,0,0,0,1,0,3,4
820024,39.1030002596844,-84.5528256545869,0,0,0,0,0,0,0,0,1,0,0,1,0,0,0,0,0,0,0,2,2
820026,39.1075002637913,-84.5528256545869,0,0,1,0,0,0,0,0,1,0,0,1,0,0,0,0,0,2,0,1,3
820038,39.1345002883673,-84.5528256545866,0,0,0,0,0,0,0,0,0,0,0,1,0,0,0,0,0,1,0,0,1
820055,39.1727503229929,-84.5528256545862,0,0,0,0,0,0,0,0,0,0,0,0,1,0,0,0,0,1,0,0,1
820069,39.2042503513403,-84.5528256545858,0,0,0,0,0,0,0,0,0,0,0,1,0,0,0,0,0,0,0,1,1
830039,39.1367500287407,-84.5550848677566,0,0,0,0,0,0,0,0,1,0,0,0,0,0,0,0,0,0,0,1,1
830047,39.1547500450227,-84.5550848677585,0,0,0,0,0,0,0,0,0,0,0,1,0,1,0,0,0,1,0,1,2
840022,39.0984996887814,-84.5573440809002,0,0,0,0,0,0,1,0,2,0,0,5,1,0,0,0,1,2,0,6,10
840023,39.1007496908275,-84.5573440809007,0,0,0,0,0,0,0,0,0,0,0,1,0,0,0,0,0,1,0,0,1
840026,39.107499696961,-84.5573440809021,0,2,1,1,0,0,0,0,1,1,0,2,1,0,2,0,0,2,5,4,11
840029,39.1142497030876,-84.5573440809036,1,0,0,0,0,0,0,0,1,0,0,0,0,0,0,0,0,0,1,1,2
840065,39.1952497760667,-84.557344080921,0,0,0,0,0,0,0,0,0,0,0,1,0,0,0,0,0,0,0,1,2
850024,39.1029993440656,-84.5596032940282,0,0,0,0,0,0,0,0,1,0,0,1,0,0,0,0,0,0,0,2,2
850026,39.1074993481424,-84.5596032940297,0,0,0,0,0,0,0,0,1,0,0,0,1,0,1,0,0,1,0,2,3
850028,39.1119993522162,-84.5596032940312,0,0,0,0,1,0,0,0,1,0,0,0,0,0,0,0,0,2,0,0,2
850030,39.1164993562868,-84.5596032940326,0,0,1,0,1,0,0,0,1,0,0,1,1,0,0,0,0,0,4,1,5
850065,39.1952494270268,-84.5596032940583,0,0,0,0,0,0,0,0,0,0,0,1,0,0,0,0,0,1,0,0,1
860027,39.1097489577524,-84.5618625071345,0,1,3,1,3,0,0,0,0,3,0,1,1,1,1,0,0,11,2,2,20
860034,39.1254989719467,-84.5618625071414,0,0,0,0,0,0,0,0,1,0,0,1,0,0,0,0,0,1,1,0,2
860066,39.197499036358,-84.5618625071728,0,0,0,0,0,0,0,0,0,0,0,1,0,0,0,0,0,0,0,1,1
870021,39.0962485095686,-84.5641217202046,0,0,0,0,2,0,0,0,0,0,1,1,0,0,1,0,0,3,0,2,5
870022,39.098498511596,-84.5641217202058,0,0,0,0,0,0,0,0,1,0,0,1,0,0,0,0,0,2,0,0,2
870043,39.1457485539973,-84.5641217202317,0,0,0,0,0,0,0,1,0,0,0,0,0,0,0,0,0,1,0,0,1
880029,39.1142480461181,-84.5663809332631,0,1,0,0,0,0,0,0,0,0,0,1,0,0,0,0,0,2,0,0,2
880064,39.1929981161405,-84.5663809333146,0,0,0,0,0,0,0,1,0,0,0,0,0,0,0,0,0,0,1,0,4
880068,39.2019981240839,-84.5663809333205,0,0,1,0,0,0,0,0,0,0,0,0,0,0,0,0,0,0,0,1,1
890064,39.1929975925893,-84.5686401463396,0,0,0,0,2,0,0,0,0,1,0,2,0,0,0,0,1,2,0,2,6
900024,39.1029969460169,-84.5708993592513,0,0,0,0,0,0,0,0,2,0,0,0,0,0,0,0,0,2,0,0,2
900028,39.1119969540103,-84.5708993592591,0,0,0,1,0,0,0,0,1,0,0,0,0,0,0,0,0,0,2,0,3
900029,39.1142469560067,-84.5708993592611,0,0,0,0,0,0,0,0,0,0,0,2,0,0,0,0,0,2,0,0,2
900070,39.2064970372137,-84.5708993593411,0,0,0,0,0,0,0,0,0,0,0,0,2,0,0,0,0,0,0,2,2
910026,39.1074963395828,-84.5731585721983,0,0,0,0,0,0,0,0,0,1,0,0,0,0,0,0,0,1,0,0,1
910037,39.1322463614092,-84.5731585722224,0,0,0,0,0,0,0,0,0,2,0,0,0,0,0,0,0,2,0,0,2
910064,39.1929964145991,-84.5731585722813,0,0,0,0,0,0,0,0,0,0,0,1,1,0,1,0,0,2,0,1,4
910068,39.2019964224326,-84.5731585722901,1,0,0,0,1,0,0,0,0,0,0,0,0,0,0,0,0,1,0,1,2
920043,39.1457457190601,-84.5754177851419,0,0,0,0,0,0,0,0,1,0,0,0,0,0,0,0,1,0,0,0,1
920065,39.1952457621091,-84.575417785195,0,1,0,0,1,0,0,0,0,0,0,2,0,0,2,0,1,3,0,2,6
930040,39.1389950153653,-84.5776769979971,0,0,0,1,0,0,0,0,0,0,0,0,0,0,0,0,0,1,0,0,1
930042,39.1434950192755,-84.5776769980024,0,0,0,1,0,0,0,0,0,0,0,0,0,0,0,0,0,1,0,0,3
930044,39.1479950231827,-84.5776769980076,0,0,0,0,0,0,0,1,0,0,0,0,0,0,0,0,0,1,0,0,1
940026,39.107494246672,-84.5799362107732,0,0,1,0,0,0,0,0,1,0,0,0,2,0,0,0,0,1,2,1,5
940029,39.1142442525308,-84.5799362107818,0,0,0,0,0,0,0,0,0,0,0,1,0,0,0,0,0,1,0,0,1
940067,39.1997443261694,-84.5799362108905,0,0,0,0,0,0,0,1,0,0,0,0,0,0,0,0,0,0,1,0,1
950027,39.1097434637713,-84.5821954235405,0,0,0,1,0,0,0,0,0,0,0,0,0,0,0,0,0,1,0,0,1
960029,39.1142426391663,-84.5844546362597,0,0,1,1,0,0,0,0,1,0,8,3,1,0,0,8,0,1,6,0,15
960035,39.1277426507058,-84.5844546362795,0,0,0,0,0,0,0,0,0,0,1,1,0,0,0,0,0,1,0,1,2
960044,39.1479926679661,-84.5844546363091,0,0,0,0,0,0,0,0,0,1,0,0,0,0,0,0,0,1,0,0,1
970026,39.1074917613407,-84.5867138489078,0,0,0,0,0,0,0,0,0,0,0,0,1,0,0,0,0,0,1,0,1
970029,39.1142417670774,-84.5867138489183,0,0,0,0,0,0,0,0,0,0,0,1,0,0,0,0,0,1,0,0,1
970040,39.1389917880566,-84.5867138489568,0,0,0,0,0,0,0,0,0,1,0,0,0,0,0,0,0,1,0,0,1
970046,39.152491799463,-84.5867138489778,0,0,3,0,0,0,1,0,2,0,0,2,5,0,0,0,1,5,0,7,31
980027,39.1097408475904,-84.5889730615122,0,0,0,0,0,0,0,0,2,0,0,0,0,0,0,0,0,0,1,1,2
980041,39.1412408740867,-84.5889730615639,0,0,0,0,0,0,0,0,0,0,0,1,0,0,0,0,1,0,0,0,1
990045,39.1502399220832,-84.591232274123,0,0,2,0,0,0,0,0,0,0,0,0,2,0,1,0,0,2,0,3,13
1000037,39.1322389040742,-84.5934914865717,0,0,0,0,0,0,0,1,1,0,0,0,0,0,0,0,0,1,0,1,2
1000043,39.1457389152122,-84.5934914865961,0,0,0,0,0,0,0,0,0,0,0,0,1,0,0,0,0,1,0,0,2
1010028,39.1119878408304,-84.5957506989473,0,0,0,0,1,0,0,0,0,0,0,0,0,0,0,0,0,0,1,0,1
1010029,39.1142378426777,-84.5957506989516,0,0,0,0,0,0,0,0,1,0,0,2,0,0,0,0,0,0,2,1,3
1020013,39.0782367232132,-84.5980099112247,0,0,1,0,0,0,0,0,0,0,1,0,0,0,0,0,0,1,0,1,2
1020029,39.1142367525668,-84.5980099112956,0,0,0,0,0,0,0,0,1,0,5,2,0,0,0,5,0,2,1,0,8
1020031,39.1187367562236,-84.5980099113045,0,0,0,0,0,0,0,0,1,0,0,0,1,0,0,0,0,1,1,0,2
1020042,39.1434867762866,-84.5980099113533,0,0,0,0,0,0,0,0,0,0,0,0,0,0,1,0,0,0,0,1,1
1020043,39.1457367781064,-84.5980099113577,0,0,0,0,0,0,0,0,0,0,0,2,0,0,1,0,0,1,0,2,3
1020045,39.1502367817438,-84.5980099113666,0,0,0,0,0,0,0,0,0,0,0,1,1,0,1,0,0,1,0,2,7
1030013,39.0782355897957,-84.6002691234947,0,0,0,0,0,0,0,0,1,0,0,0,0,0,0,0,0,1,0,0,1
1030027,39.109735615229,-84.6002691235592,0,0,0,0,0,0,0,0,0,0,1,0,0,0,0,0,0,0,1,0,1
1030032,39.1209856242799,-84.6002691235822,0,0,0,0,0,0,0,0,0,0,0,1,0,0,0,0,0,0,0,1,1
1030047,39.1547356513303,-84.6002691236513,0,0,0,0,0,0,0,0,0,0,0,1,0,0,0,0,0,0,0,1,1
1040033,39.1232344486913,-84.6025283357861,0,0,0,1,0,0,0,0,0,0,0,0,0,0,0,0,0,0,1,0,1
1050034,39.1254832294555,-84.6047875479134,0,0,1,2,0,0,0,0,0,0,0,1,0,0,1,0,0,2,3,0,5
1060031,39.1187319595788,-84.607046759941,0,0,1,0,0,0,0,0,0,0,3,0,0,0,0,0,0,0,1,3,4
1060032,39.1209819613277,-84.6070467599461,0,0,0,0,0,1,0,0,0,0,1,2,0,0,0,0,0,0,3,1,4
1060042,39.1434819787807,-84.6070467599967,0,0,0,0,0,0,0,0,0,0,0,0,0,0,1,0,0,0,0,1,1
1060045,39.1502319840037,-84.607046760012,0,0,0,0,0,0,0,0,1,1,0,1,0,1,0,0,0,1,0,3,7
1070039,39.1367306652051,-84.6093059719425,0,0,0,1,0,0,0,0,0,0,0,0,0,0,0,0,0,1,0,0,3
1070041,39.1412306686491,-84.6093059719529,0,1,1,0,0,0,0,0,0,0,0,1,1,0,0,0,0,1,0,3,5
1080012,39.075979267096,-84.6115651836741,0,0,0,0,0,0,1,0,0,0,0,0,1,0,0,0,0,1,1,0,2
1080039,39.1367293132469,-84.6115651838182,0,0,0,0,0,0,0,0,0,0,0,1,0,0,0,0,0,0,0,1,1
1100043,39.1457264851087,-84.6160836073244,0,1,0,0,0,0,0,0,0,0,0,1,0,0,0,0,0,1,0,1,2
1120039,39.1367234692993,-84.6206020304111,0,0,3,0,0,0,0,0,1,0,0,1,1,0,0,0,0,0,0,6,6
1130013,39.0782218580085,-84.6228612416657,0,0,0,0,0,0,0,0,0,0,0,1,0,0,0,0,0,1,0,0,1
1150013,39.078218588536,-84.6273796641665,0,0,0,0,0,0,0,0,0,0,0,1,0,0,0,0,0,1,0,0,1
1260021,39.0961974990831,-84.6522309796851,0,0,0,0,0,0,0,0,2,0,0,2,0,0,0,0,0,3,1,0,4
1270021,39.0961953191492,-84.6544901894085,0,0,0,0,1,0,0,0,0,0,0,0,0,0,0,0,0,1,0,0,1
1350023,39.1006763118141,-84.6725638618917,0,1,0,0,2,0,0,2,0,0,0,3,4,0,1,0,0,8,1,4,21
1390024,39.1029157612621,-84.6816006942974,0,0,0,0,0,0,0,0,0,0,0,0,1,0,0,0,1,0,0,0,1
1410025,39.1051602245389,-84.6861191094643,0,0,0,0,0,0,0,0,0,0,0,0,1,0,0,0,0,1,0,0,1
1410027,39.1096602256933,-84.6861191094708,0,0,0,0,0,0,0,0,0,0,0,1,0,0,0,0,0,1,0,0,1
1420027,39.1096573915027,-84.6883783167827,0,0,0,0,0,0,0,1,1,0,1,0,0,0,0,0,0,1,0,2,3
1420028,39.1119073920332,-84.6883783167856,0,0,0,1,0,0,0,0,0,0,0,0,0,0,0,0,0,0,0,1,1
1430028,39.1119045141927,-84.6906375239141,0,2,0,1,0,0,0,1,0,0,0,2,0,0,1,0,0,2,0,5,11
1440028,39.1119015927487,-84.6928967308567,3,0,0,0,1,0,0,0,1,0,0,1,3,0,0,0,0,1,1,7,13
1440029,39.1141515931841,-84.6928967308589,0,0,0,0,0,0,0,0,3,0,0,1,1,0,1,0,0,3,0,3,7
1470034,39.12539256852,-84.6996743505476,0,0,0,0,0,0,0,0,1,0,0,0,0,0,0,0,0,0,0,1,1
1480033,39.123139472122,-84.7019335567154,0,0,0,0,0,0,0,2,0,0,0,2,0,0,0,0,0,2,0,2,4
1500034,39.1253831492123,-84.7064519684502,0,0,0,0,0,0,0,1,0,0,0,0,0,0,1,0,0,0,0,2,8
1500037,39.1321331496115,-84.7064519684495,0,0,0,0,0,0,0,0,0,0,0,1,0,0,0,0,0,0,0,1,1
