"cell_id","lat_cell","long_cell","sum_cost","event_count","sum_num"
20015,39.0826299207212,-84.3720887899489,0.304,1,3
30012,39.0758831462979,-84.3743479955261,0.608,2,6
30015,39.0826331467003,-84.3743479955181,0.304,1,3
30046,39.1523831508322,-84.3743479954349,2.206,2,4
50018,39.0893894685901,-84.3788664072585,0.304,1,3
50022,39.0983894695407,-84.3788664072441,0.304,1,3
60017,39.0871425636508,-84.3811256134376,10.082,1,1
60046,39.152392571981,-84.3811256133215,1.103,1,2
60049,39.1591425728376,-84.3811256133095,0.304,1,3
60050,39.1613925731229,-84.3811256133055,0.304,1,3
70045,39.1501456247961,-84.3833848196868,10.386,2,4
70046,39.1523956251315,-84.3833848196823,0.304,1,3
70049,39.1591456261369,-84.3833848196691,0.608,2,6
80019,39.0916486242381,-84.3856440263671,1.407,2,5
80020,39.0938986246261,-84.3856440263623,1.407,2,5
80021,39.0961486250141,-84.3856440263576,0.141,1,4
80052,39.1658986369686,-84.3856440262091,0.304,1,3
90017,39.0871515879733,-84.3879032331346,1.103,1,2
90018,39.0894015884105,-84.3879032331294,1.103,1,2
90020,39.0939015892843,-84.3879032331191,21.571,4,7
90022,39.0984015901574,-84.3879032331088,0.304,1,3
100014,39.0804045074331,-84.3901624400974,1.103,1,2
100017,39.0871545088897,-84.390162440081,0.282,2,8
100049,39.1591545243245,-84.390162439905,0.304,1,3
100050,39.1614045248039,-84.3901624398995,10.082,1,1
110014,39.0804073846118,-84.3924216472305,1.103,1,2
110019,39.0916573872752,-84.3924216472014,2.206,2,4
110020,39.0939073878072,-84.3924216471956,1.103,1,2
110045,39.150157401044,-84.3924216470499,0.304,1,3
110050,39.1614074036764,-84.3924216470208,2.015,4,11
110051,39.1636574042023,-84.3924216470149,1.103,1,2
120049,39.1591602383577,-84.3946808543317,1.407,2,5
120051,39.1636602395017,-84.3946808543194,0.304,1,3
130049,39.1591630299467,-84.3969400618174,0.445,2,7
130050,39.1614130305641,-84.396940061811,1.031,5,18
140050,39.1614157785792,-84.3991992694744,0.304,1,3
150056,39.1749184872053,-84.4014584772711,1.103,1,2
160050,39.1614211437521,-84.4037176853237,1.103,1,2
160060,39.183921151228,-84.4037176852515,1.103,1,2
170044,39.1479237561556,-84.4059768935486,0.141,1,4
170045,39.1501737569487,-84.4059768935412,0.046,1,5
170049,39.1591737601183,-84.4059768935114,0.304,1,3
170060,39.1839237688097,-84.4059768934296,1.103,1,2
170061,39.1861737695981,-84.4059768934221,0.304,1,3
180044,39.1479263294432,-84.4082361018968,0.608,2,6
210041,39.1411837847455,-84.4150137279377,0.304,1,3
210058,39.1794338009723,-84.4150137277986,0.304,1,3
210059,39.1816838019235,-84.4150137277904,1.244,2,6
210062,39.1884338047751,-84.4150137277658,1.103,1,2
220033,39.1231861754708,-84.4172729369915,1.103,1,2
220041,39.1411861834563,-84.4172729369248,0.304,1,3
220051,39.1636861934042,-84.4172729368415,0.141,1,4
220052,39.1659361943969,-84.4172729368332,0.304,1,3
220061,39.1861862033143,-84.4172729367582,1.711,3,8
220062,39.1884362043033,-84.4172729367498,1.103,1,2
230005,39.060188501039,-84.4195321463691,1.103,1,2
230037,39.132188534411,-84.4195321460983,10.082,1,1
230041,39.1411885385543,-84.4195321460645,11.185,2,3
230046,39.1524385437246,-84.4195321460221,0.304,1,3
240027,39.109690834982,-84.4217913554741,0.304,1,3
240036,39.129940844671,-84.4217913553968,1.244,2,6
240037,39.1321908457455,-84.4217913553882,2.206,2,4
240040,39.1389408489666,-84.4217913553625,1.103,1,2
240041,39.1411908500395,-84.4217913553539,0.304,1,3
240042,39.143440851112,-84.4217913553453,1.407,2,5
240046,39.1524408553979,-84.421791355311,0.046,1,5
240047,39.1546908564684,-84.4217913553024,1.103,1,2
240048,39.1569408575384,-84.4217913552938,2.206,2,4
240049,39.1591908586081,-84.4217913552852,0.936,5,19
240052,39.1659408618146,-84.4217913552594,0.304,1,3
240060,39.1839408703473,-84.4217913551907,0.304,1,3
240061,39.1861908714121,-84.4217913551822,10.082,1,1
250004,39.0579430765678,-84.4240505651117,1.103,1,2
250007,39.0646930799414,-84.4240505650856,1.103,1,2
250036,39.1299431123585,-84.4240505648337,10.082,1,1
250041,39.1411931179119,-84.4240505647903,0.304,1,3
250046,39.1524431234548,-84.4240505647468,0.187,2,9
250047,39.1546931245621,-84.4240505647381,0.445,2,7
250048,39.156943125669,-84.4240505647294,0.304,1,3
250050,39.1614431278816,-84.424050564712,0.304,1,3
250051,39.1636931289872,-84.4240505647034,2.206,2,4
250060,39.1839431389191,-84.4240505646251,1.244,2,6
260007,39.0646953029611,-84.4263097746692,1.103,1,2
260035,39.1276953352884,-84.4263097744235,1.103,1,2
260039,39.1366953398788,-84.4263097743884,0.608,2,6
260044,39.1479453456071,-84.4263097743444,0.304,1,3
260047,39.1546953490388,-84.4263097743181,1.103,1,2
260049,39.1591953513245,-84.4263097743005,1.103,1,2
260050,39.1614453524667,-84.4263097742917,1.103,1,2
260051,39.1636953536084,-84.426309774283,0.304,1,3
260058,39.1794453615885,-84.4263097742215,0.304,1,3
260059,39.1816953627268,-84.4263097742127,2.128,7,21
270034,39.1254475145374,-84.4285689841547,0.304,1,3
270035,39.1276975157217,-84.4285689841458,0.304,1,3
270039,39.1366975204545,-84.4285689841104,2.206,2,4
270040,39.1389475216365,-84.4285689841015,0.445,2,7
270041,39.1411975228181,-84.4285689840927,0.445,2,7
270042,39.1434475239993,-84.4285689840838,2.206,2,4
270043,39.14569752518,-84.428568984075,1.407,2,5
270047,39.1546975298984,-84.4285689840395,1.711,3,8
270050,39.1614475334325,-84.4285689840129,11.185,2,3
270057,39.1771975416631,-84.4285689839509,1.103,1,2
270059,39.1816975440107,-84.4285689839332,3.613,4,9
280036,39.1299496537652,-84.4308281939978,0.304,1,3
280037,39.1321996549835,-84.4308281939888,0.304,1,3
280042,39.143449661068,-84.4308281939442,0.304,1,3
280043,39.1456996622835,-84.4308281939353,3.309,3,6
280044,39.1479496634985,-84.4308281939264,1.103,1,2
280046,39.1524496659273,-84.4308281939085,0.749,3,10
280047,39.1546996671409,-84.4308281938996,2.814,4,10
280057,39.1771996792523,-84.4308281938103,0.141,1,4
280059,39.1816996816691,-84.4308281937925,0.304,1,3
290023,39.1007017306908,-84.4330874041109,0.304,1,3
290038,39.13445174952,-84.4330874039763,0.304,1,3
290040,39.1389517520225,-84.4330874039583,0.445,2,7
290041,39.141201753273,-84.4330874039493,0.304,1,3
290042,39.1434517545231,-84.4330874039404,11.185,2,3
290043,39.1457017557727,-84.4330874039314,0.304,1,3
290045,39.1502017582705,-84.4330874039134,0.304,1,3
290046,39.1524517595186,-84.4330874039045,0.304,1,3
300029,39.1142037876418,-84.4353466141867,0.304,1,3
300035,39.1277037953703,-84.4353466141326,1.103,1,2
300041,39.1412038030812,-84.4353466140785,0.141,1,4
300043,39.1457038056476,-84.4353466140605,0.304,1,3
300055,39.1727038210053,-84.4353466139523,2.206,2,4
310029,39.1142057934441,-84.4376058244463,1.103,1,2
310030,39.1164557947662,-84.4376058244373,0.304,1,3
310039,39.1367058066428,-84.4376058243559,0.282,2,8
310044,39.1479558132234,-84.4376058243107,0.304,1,3
320029,39.114207755642,-84.4398650348332,0.304,1,3
320030,39.1164577569962,-84.4398650348241,0.608,2,6
320035,39.1277077637597,-84.4398650347789,0.304,1,3
320039,39.1367077691612,-84.4398650347427,0.282,2,8
320056,39.1749577920268,-84.4398650345888,0.304,1,3
320058,39.1794577947071,-84.4398650345706,0.141,1,4
330039,39.1367096880683,-84.4421242452539,0.141,1,4
330040,39.1389596894487,-84.4421242452449,0.187,2,9
330041,39.1412096908286,-84.4421242452358,0.141,1,4
330042,39.1434596922079,-84.4421242452268,1.103,1,2
330043,39.1457096935867,-84.4421242452177,1.548,3,9
330056,39.1749597114639,-84.4421242451,0.304,1,3
340039,39.1367115633639,-84.4443834558869,0.141,1,4
340040,39.1389615647748,-84.4443834558779,1.29,3,11
340041,39.1412115661853,-84.4443834558689,0.141,1,4
340042,39.1434615675952,-84.4443834558598,0.304,1,3
360040,39.1389651845907,-84.448901877498,0.141,1,4
360042,39.1434651875289,-84.44890187748,0.304,1,3
380040,39.1389686299577,-84.4534202995715,0.046,1,5
380041,39.1412186314833,-84.4534202995627,0.445,2,7
380070,39.2064686754727,-84.4534202993047,1.103,1,2
390059,39.1817203166209,-84.4556795106036,0.304,1,3
390060,39.1839703181622,-84.4556795105948,1.407,2,5
390063,39.1907203227828,-84.4556795105683,1.244,2,6
390067,39.1997203289354,-84.455679510533,0.445,2,7
390068,39.2019703304721,-84.4556795105242,13.695,5,10
390069,39.2042203320082,-84.4556795105153,10.082,1,1
390070,39.2064703335436,-84.4556795105065,1.103,1,2
400038,39.1344718977166,-84.4579387220936,0.141,1,4
400061,39.1862219339061,-84.4579387218923,0.141,1,4
400063,39.1907219370381,-84.4579387218748,1.103,1,2
400066,39.1974719417316,-84.4579387218486,2.955,5,14
400067,39.1997219432949,-84.4579387218398,0.445,2,7
400068,39.2019719448576,-84.457938721831,1.103,1,2
400069,39.2042219464197,-84.4579387218223,0.304,1,3
400070,39.2064719479812,-84.4579387218135,0.141,1,4
410038,39.1344734677063,-84.4601979335004,0.141,1,4
410057,39.1772234981095,-84.4601979333357,1.103,1,2
410061,39.1862235044822,-84.4601979333011,0.304,1,3
410062,39.1884735060739,-84.4601979332924,0.304,1,3
410065,39.1952235108452,-84.4601979332664,10.082,1,1
410068,39.2019735156111,-84.4601979332404,1.103,1,2
420034,39.1254749875569,-84.4624571450408,0.141,1,4
420037,39.1322249924541,-84.4624571450151,0.89,4,14
420056,39.1749750233403,-84.4624571448522,0.141,1,4
420062,39.1884750330475,-84.4624571448008,0.304,1,3
420063,39.1907250346632,-84.4624571447922,2.206,2,4
420064,39.1929750362783,-84.4624571447836,1.103,1,2
420068,39.2019750427326,-84.4624571447493,0.608,2,6
420074,39.2154750523954,-84.4624571446978,1.548,3,9
420075,39.2177250540037,-84.4624571446893,0.141,1,4
430037,39.132226475198,-84.4647163566176,0.282,2,8
430061,39.1862265147531,-84.4647163564144,10.082,1,1
430063,39.1907265180331,-84.4647163563974,1.103,1,2
440043,39.1457279243952,-84.4669755682638,0.445,2,7
440055,39.1727279444532,-84.4669755681635,0.396,3,13
440056,39.1749779461206,-84.4669755681551,2.792,5,15
440057,39.1772279477873,-84.4669755681468,1.103,1,2
440062,39.1884779561115,-84.466975568105,0.304,1,3
440069,39.2042279677387,-84.4669755680465,0.141,1,4
440071,39.208727971055,-84.4669755680298,0.141,1,4
440072,39.2109779727122,-84.4669755680214,1.103,1,2
440073,39.2132279743688,-84.466975568013,0.608,2,6
450043,39.1457293200554,-84.4692347800517,2.297,6,19
450052,39.1659793353116,-84.4692347799776,1.103,1,2
450054,39.1704793386948,-84.4692347799612,1.103,1,2
450061,39.1862293505157,-84.4692347799035,1.103,1,2
450063,39.1907293538873,-84.469234779887,2.206,2,4
450068,39.201979362305,-84.4692347798458,0.304,1,3
450073,39.2132293707067,-84.4692347798047,0.608,2,6
460033,39.1232306548683,-84.4714939920089,1.103,1,2
460039,39.1367306652159,-84.4714939919603,0.912,3,9
460040,39.1389806669383,-84.4714939919522,0.304,1,3
460042,39.1434806703809,-84.471493991936,0.304,1,3
460044,39.147980673821,-84.4714939919198,1.103,1,2
460048,39.1569806806934,-84.4714939918873,0.304,1,3
460051,39.1637306858407,-84.471493991863,0.141,1,4
460052,39.1659806875553,-84.471493991855,0.749,3,10
460065,39.1952307097844,-84.4714939917496,0.141,1,4
470037,39.132231970073,-84.4737532039372,20.468,3,5
470038,39.1344819718179,-84.4737532039292,0.304,1,3
470040,39.1389819753059,-84.4737532039133,0.304,1,3
470043,39.1457319805329,-84.4737532038894,1.407,2,5
470048,39.1569819892313,-84.4737532038496,0.608,2,6
470049,39.159231990969,-84.4737532038416,2.51,3,7
470058,39.1794820065786,-84.4737532037699,0.608,2,6
470061,39.18623201177,-84.473753203746,3.309,3,6
470063,39.1907320152276,-84.4737532037301,1.103,1,2
470071,39.2087320290315,-84.4737532036663,0.608,2,6
470072,39.210982030754,-84.4737532036584,6.427,8,19
470073,39.2132320324759,-84.4737532036504,1.103,1,2
470074,39.2154820341971,-84.4737532036424,1.407,2,5
480037,39.1322332347665,-84.4760124159804,1.711,3,8
480038,39.1344832365321,-84.4760124159726,0.608,2,6
480040,39.1389832400613,-84.476012415957,0.445,2,7
480044,39.1479832471116,-84.4760124159257,0.304,1,3
480057,39.1772332699515,-84.4760124158241,2.51,3,7
480064,39.1929832822032,-84.4760124157693,1.103,1,2
480065,39.1952332839507,-84.4760124157615,10.082,1,1
480066,39.1974832856976,-84.4760124157537,1.244,2,6
480067,39.1997332874439,-84.4760124157459,0.304,1,3
490038,39.1344844576354,-84.4782716280958,1.103,1,2
490039,39.1367344594203,-84.4782716280881,1.103,1,2
490041,39.1412344629879,-84.4782716280728,0.608,2,6
490045,39.1502344701151,-84.4782716280421,0.304,1,3
490053,39.1682344843371,-84.4782716279808,2.814,4,10
490055,39.1727344878858,-84.4782716279655,0.35,2,8
490057,39.1772344914319,-84.4782716279501,3.259,6,17
490058,39.1794844932039,-84.4782716279425,2.206,2,4
490060,39.1839844967459,-84.4782716279271,1.407,2,5
490066,39.1974845073556,-84.4782716278812,1.103,1,2
490067,39.1997345091216,-84.4782716278735,0.141,1,4
490070,39.2064845144153,-84.4782716278505,0.141,1,4
500036,39.1299856315178,-84.4805308403109,3.309,3,6
500048,39.1569856531376,-84.4805308402209,0.304,1,3
500060,39.1839856746592,-84.4805308401308,0.304,1,3
500062,39.1884856782365,-84.4805308401158,10.082,1,1
500064,39.1929856818111,-84.4805308401008,0.304,1,3
500065,39.1952356835974,-84.4805308400933,23.282,7,15
500066,39.197485685383,-84.4805308400858,2.51,3,7
510042,39.1434867762956,-84.4827900525408,1.103,1,2
510046,39.1524867835706,-84.4827900525115,0.608,2,6
510047,39.1547367853876,-84.4827900525042,1.149,2,7
510058,39.1794868053292,-84.4827900524235,0.141,1,4
510060,39.183986808946,-84.4827900524088,0.304,1,3
510063,39.190736814366,-84.4827900523868,1.103,1,2
510064,39.1929868161713,-84.4827900523795,0.304,1,3
510075,39.217736835984,-84.4827900522987,0.608,2,6
520034,39.1254878519124,-84.4850492649444,13.695,5,10
520035,39.1277378537555,-84.4850492649372,6.073,10,27
520036,39.1299878555979,-84.4850492649301,0.304,1,3
520040,39.1389878629605,-84.4850492649015,0.304,1,3
520042,39.1434878666376,-84.4850492648871,1.103,1,2
520043,39.1457378684751,-84.48504926488,0.141,1,4
520046,39.1524878739835,-84.4850492648585,1.898,5,17
520063,39.1907379050794,-84.4850492647368,1.103,1,2
520066,39.197487910546,-84.4850492647153,1.009,6,23
530033,39.1232388966432,-84.4873084773648,0.141,1,4
530034,39.1254888985041,-84.4873084773579,12.592,4,8
530035,39.1277389003643,-84.4873084773509,1.548,3,9
530037,39.1322389040826,-84.4873084773369,3.309,3,6
530038,39.1344889059406,-84.48730847733,24.993,10,23
530043,39.1457389152205,-84.4873084772951,0.608,2,6
530044,39.1479889170744,-84.4873084772881,1.244,2,6
530045,39.1502389189275,-84.4873084772811,0.749,3,10
530046,39.15248892078,-84.4873084772742,0.304,1,3
530049,39.1592389263331,-84.4873084772532,2.206,2,4
540033,39.1232398996106,-84.4895676898438,1.103,1,2
540034,39.1254899014879,-84.4895676898371,4.553,5,12
540035,39.1277399033645,-84.4895676898303,5.741,11,30
540036,39.1299899052403,-84.4895676898235,1.103,1,2
540038,39.1344899089899,-84.4895676898099,0.445,2,7
540039,39.1367399108636,-84.4895676898031,0.304,1,3
540042,39.1434899164806,-84.4895676897828,1.548,3,9
540043,39.1457399183515,-84.489567689776,1.357,5,16
540044,39.1479899202217,-84.4895676897692,0.749,3,10
540046,39.1524899239599,-84.4895676897556,0.046,1,5
550026,39.1074908457001,-84.4918269024319,10.082,1,1
550032,39.1209908570771,-84.4918269023924,0.304,1,3
550034,39.1254908608637,-84.4918269023792,11.489,3,6
550035,39.1277408627559,-84.4918269023726,2.206,2,4
550036,39.1299908646475,-84.491826902366,0.304,1,3
550037,39.1322408665383,-84.4918269023594,1.103,1,2
550038,39.1344908684284,-84.4918269023528,10.082,1,1
550040,39.1389908722064,-84.4918269023396,0.141,1,4
550041,39.1412408740943,-84.491826902333,1.103,1,2
550042,39.1434908759816,-84.4918269023265,2.156,5,15
550043,39.1457408778681,-84.4918269023199,0.608,2,6
550044,39.1479908797539,-84.4918269023133,1.103,1,2
550045,39.150240881639,-84.4918269023067,0.304,1,3
550046,39.1524908835233,-84.4918269023001,1.103,1,2
550049,39.1592408891722,-84.4918269022803,0.304,1,3
560031,39.1187417709056,-84.4940861150006,0.141,1,4
560032,39.120991772815,-84.4940861149942,0.304,1,3
560033,39.1232417747236,-84.4940861149879,0.304,1,3
560034,39.1254917766315,-84.4940861149815,0.608,2,6
560035,39.1277417785387,-84.4940861149751,1.407,2,5
560037,39.1322417823509,-84.4940861149623,10.128,2,6
560039,39.1367417861603,-84.4940861149495,10.386,2,4
560040,39.1389917880638,-84.4940861149431,3.118,5,13
560041,39.1412417899667,-84.4940861149367,1.689,4,13
560044,39.147991795671,-84.4940861149176,0.304,1,3
560045,39.150241797571,-84.4940861149112,0.304,1,3
570036,39.1299926526335,-84.4963453276287,1.407,2,5
570038,39.1344926564727,-84.4963453276164,14.231,11,32
570039,39.1367426583912,-84.4963453276102,2.156,5,15
570040,39.1389926603091,-84.496345327604,1.757,4,13
570043,39.1457426660581,-84.4963453275854,3.895,6,17
570045,39.1502426698872,-84.4963453275731,1.103,1,2
580023,39.1007434560103,-84.4986045404209,1.407,2,5
580024,39.1029934579533,-84.498604540415,2.51,3,7
580027,39.109743463778,-84.4986045403971,2.347,3,8
580028,39.111993465718,-84.4986045403911,0.304,1,3
580035,39.1277434792782,-84.4986045403493,1.852,4,12
580036,39.1299934812124,-84.4986045403433,0.912,3,9
580037,39.1322434831459,-84.4986045403374,0.445,2,7
580038,39.1344934850787,-84.4986045403314,13.2,6,14
580039,39.1367434870107,-84.4986045403254,1.407,2,5
580041,39.1412434908726,-84.4986045403135,0.304,1,3
580042,39.1434934928025,-84.4986045403075,1.103,1,2
580043,39.1457434947316,-84.4986045403015,10.223,2,5
580044,39.14799349666,-84.4986045402955,0.304,1,3
580049,39.159243506291,-84.4986045402657,0.304,1,3
590023,39.1007442408128,-84.5008637531845,1.103,1,2
590031,39.1187442564393,-84.5008637531385,0.141,1,4
590032,39.1209942583893,-84.5008637531327,3.591,5,14
590033,39.1232442603385,-84.5008637531269,21.549,5,12
590034,39.125494262287,-84.5008637531212,3.118,5,13
590035,39.1277442642348,-84.5008637531154,2.347,3,8
590036,39.1299942661819,-84.5008637531097,2.814,4,10
590037,39.1322442681282,-84.5008637531039,1.103,1,2
590038,39.1344942700738,-84.5008637530982,13.454,10,28
590039,39.1367442720186,-84.5008637530924,15.71,9,21
590040,39.1389942739627,-84.5008637530866,0.912,3,9
590041,39.1412442759061,-84.5008637530809,6.618,6,12
590042,39.1434942778487,-84.5008637530751,1.103,1,2
590060,39.1839943126904,-84.5008637529715,0.141,1,4
600022,39.0984949800464,-84.5031229660025,1.407,2,5
600023,39.1007449820152,-84.503122965997,0.304,1,3
600025,39.1052449859506,-84.5031229659859,0.304,1,3
600027,39.1097449898829,-84.5031229659748,2.51,3,7
600028,39.111994991848,-84.5031229659693,0.304,1,3
600030,39.1164949957759,-84.5031229659582,0.608,2,6
600031,39.1187449977388,-84.5031229659527,1.453,3,10
600032,39.1209949997009,-84.5031229659471,0.304,1,3
600033,39.1232450016623,-84.5031229659416,2.814,4,10
600034,39.1254950036229,-84.503122965936,2.814,4,10
600035,39.1277450055828,-84.5031229659305,3.309,3,6
600036,39.129995007542,-84.503122965925,1.407,2,5
600038,39.1344950114581,-84.5031229659139,0.282,2,8
600039,39.136745013415,-84.5031229659084,3.096,6,18
600047,39.1547450290438,-84.5031229658641,1.244,2,6
610021,39.0962456756563,-84.5053821788661,1.103,1,2
610022,39.0984956776372,-84.5053821788608,14.14,7,17
610023,39.1007456796175,-84.5053821788555,1.357,5,16
610024,39.1029956815969,-84.5053821788502,0.304,1,3
610026,39.1074956855537,-84.5053821788396,0.304,1,3
610027,39.1097456875309,-84.5053821788343,2.814,4,10
610028,39.1119956895074,-84.5053821788289,0.304,1,3
610033,39.1232456993788,-84.5053821788024,10.082,1,1
610034,39.1254957013508,-84.5053821787971,1.103,1,2
610035,39.1277457033221,-84.5053821787918,1.103,1,2
610036,39.1299957052926,-84.5053821787865,2.206,2,4
610037,39.1322457072624,-84.5053821787812,0.304,1,3
610038,39.1344957092315,-84.5053821787758,1.453,3,10
610039,39.1367457111998,-84.5053821787705,3.705,6,19
610040,39.1389957131674,-84.5053821787652,11.185,2,3
610041,39.1412457151342,-84.5053821787599,1.103,1,2
610042,39.1434957171003,-84.5053821787546,1.103,1,2
610044,39.1479957210302,-84.505382178744,0.304,1,3
610047,39.1547457269195,-84.5053821787281,1.407,2,5
610048,39.1569957288811,-84.5053821787227,0.491,3,12
610049,39.159245730842,-84.5053821787174,2.488,4,12
610050,39.1614957328021,-84.5053821787121,0.608,2,6
620021,39.0962463296369,-84.5076413917675,1.103,1,2
620022,39.0984963316286,-84.5076413917624,1.385,3,10
620023,39.1007463336196,-84.5076413917573,10.386,2,4
620024,39.1029963356098,-84.5076413917523,2.955,5,14
620025,39.1052463375992,-84.5076413917472,13.695,5,10
620026,39.1074963395879,-84.5076413917421,1.52,5,15
620027,39.1097463415759,-84.507641391737,1.103,1,2
620032,39.1209963515045,-84.5076413917116,1.103,1,2
620033,39.123246353488,-84.5076413917065,1.103,1,2
620034,39.1254963554707,-84.5076413917015,2.51,3,7
620035,39.1277463574527,-84.5076413916964,24.88,7,13
620036,39.1299963594339,-84.5076413916913,11.185,2,3
620037,39.1322463614144,-84.5076413916862,0.141,1,4
620040,39.1389963673513,-84.507641391671,1.103,1,2
620042,39.1434963713055,-84.5076413916608,0.046,1,5
620045,39.1502463772312,-84.5076413916456,0.304,1,3
620048,39.1569963831502,-84.5076413916303,0.304,1,3
620050,39.1614963870924,-84.5076413916202,2.206,2,4
630020,39.0939969380164,-84.5099006047143,0.304,1,3
630021,39.0962469400188,-84.5099006047094,13.836,6,14
630022,39.0984969420206,-84.5099006047046,4.171,9,26
630023,39.1007469440215,-84.5099006046997,4.503,8,23
630024,39.1029969460217,-84.5099006046949,3.563,7,20
630025,39.1052469480212,-84.50990060469,15.144,12,36
630026,39.1074969500199,-84.5099006046852,17.421,12,29
630027,39.1097469520179,-84.5099006046804,10.69,3,7
630028,39.1119969540151,-84.5099006046755,0.141,1,4
630029,39.1142469560116,-84.5099006046706,1.407,2,5
630030,39.1164969580073,-84.5099006046658,0.141,1,4
630031,39.1187469600022,-84.509900604661,0.304,1,3
630032,39.1209969619964,-84.5099006046561,12.429,4,9
630034,39.1254969659826,-84.5099006046464,10.082,1,1
630035,39.1277469679745,-84.5099006046416,28.139,13,30
630036,39.1299969699657,-84.5099006046367,2.955,5,14
630037,39.1322469719562,-84.5099006046319,11.63,4,10
630038,39.1344969739458,-84.509900604627,0.304,1,3
630039,39.1367469759348,-84.5099006046222,1.103,1,2
630040,39.138996977923,-84.5099006046173,0.912,3,9
630041,39.1412469799104,-84.5099006046125,0.141,1,4
630042,39.1434969818971,-84.5099006046077,0.564,4,16
630044,39.1479969858682,-84.509900604598,0.304,1,3
630045,39.1502469878526,-84.5099006045931,0.141,1,4
630046,39.1524969898362,-84.5099006045883,0.282,2,8
630051,39.1637469997433,-84.509900604564,0.304,1,3
630057,39.1772470116069,-84.5099006045349,1.993,5,16
630058,39.1794970135816,-84.5099006045301,2.46,6,18
630059,39.1817470155554,-84.5099006045252,0.608,2,6
630061,39.1862470195009,-84.5099006045155,1.103,1,2
640022,39.0984975088131,-84.5121598176844,2.623,6,17
640023,39.1007475108233,-84.5121598176799,8.724,14,38
640024,39.1029975128329,-84.5121598176752,28.421,15,38
640025,39.1052475148416,-84.5121598176706,4.03,8,22
640026,39.1074975168496,-84.512159817666,8.138,11,27
640027,39.1097475188569,-84.5121598176614,6.073,10,27
640028,39.1119975208634,-84.5121598176568,2.764,7,21
640029,39.1142475228691,-84.5121598176522,0.608,2,6
640030,39.1164975248741,-84.5121598176476,0.141,1,4
640031,39.1187475268783,-84.512159817643,1.216,4,12
640032,39.1209975288818,-84.5121598176384,3.309,3,6
640035,39.1277475348877,-84.5121598176245,6.872,10,26
640036,39.1299975368881,-84.5121598176199,14.303,7,16
640037,39.1322475388878,-84.5121598176153,1.711,3,8
640040,39.1389975448823,-84.5121598176015,0.304,1,3
640044,39.1479975528645,-84.512159817583,1.548,3,9
640045,39.1502475548581,-84.5121598175784,1.407,2,5
640052,39.1659975687925,-84.5121598175462,1.103,1,2
640055,39.172747574753,-84.5121598175323,0.304,1,3
640058,39.1794975807067,-84.5121598175185,0.141,1,4
640062,39.1884975886344,-84.5121598175,1.711,3,8
650021,39.0962480299865,-84.5144190307036,0.304,1,3
650022,39.0984980320062,-84.5144190306992,2.623,6,17
650023,39.100748034025,-84.5144190306949,2.319,5,14
650024,39.1029980360431,-84.5144190306905,1.993,5,16
650025,39.1052480380605,-84.5144190306861,14.748,9,23
650026,39.107498040077,-84.5144190306818,20.777,21,60
650027,39.1097480420928,-84.5144190306774,5.324,7,17
650028,39.1119980441079,-84.5144190306731,17.844,15,41
650029,39.1142480461222,-84.5144190306687,14.607,8,19
650030,39.1164980481358,-84.5144190306643,1.711,3,8
650032,39.1209980521606,-84.5144190306556,1.407,2,5
650033,39.1232480541718,-84.5144190306512,11.185,2,3
650035,39.1277480581921,-84.5144190306425,7.367,9,22
650036,39.1299980602011,-84.5144190306381,1.103,1,2
650038,39.1344980642168,-84.5144190306294,2.206,2,4
650041,39.1412480702347,-84.5144190306163,1.216,4,12
650045,39.1502480782478,-84.5144190305988,0.141,1,4
650051,39.1637480902448,-84.5144190305725,2.51,3,7
650054,39.1704980962331,-84.5144190305595,0.141,1,4
650060,39.1839981081891,-84.5144190305332,0.608,2,6
650061,39.1862481101791,-84.5144190305288,0.304,1,3
650062,39.1884981121684,-84.5144190305245,1.103,1,2
650063,39.1907481141569,-84.5144190305201,1.244,2,6
660021,39.0962485095723,-84.5166782437503,0.304,1,3
660022,39.0984985115998,-84.5166782437462,1.407,2,5
660023,39.1007485136265,-84.516678243742,0.608,2,6
660024,39.1029985156525,-84.5166782437379,1.711,3,8
660025,39.1052485176777,-84.5166782437338,1.548,3,9
660026,39.1074985197021,-84.5166782437297,14.444,8,20
660027,39.1097485217258,-84.5166782437256,1.711,3,8
660028,39.1119985237487,-84.5166782437214,2.015,4,11
660029,39.1142485257709,-84.5166782437173,0.586,3,11
660030,39.1164985277923,-84.5166782437132,3.754,5,13
660031,39.1187485298129,-84.5166782437091,0.445,2,7
660033,39.1232485338519,-84.5166782437008,0.141,1,4
660035,39.1277485378878,-84.5166782436926,4.594,12,38
660036,39.1299985399047,-84.5166782436884,1.103,1,2
660043,39.1457485540011,-84.5166782436596,0.304,1,3
660044,39.1479985560118,-84.5166782436554,1.103,1,2
660052,39.1659985720701,-84.5166782436224,1.407,2,5
660055,39.1727485780795,-84.51667824361,20.468,3,5
660062,39.1884985920745,-84.5166782435811,0.304,1,3
660063,39.1907485940707,-84.516678243577,1.407,2,5
670022,39.098498947594,-84.5189374568225,1.103,1,2
670023,39.1007489496279,-84.5189374568186,3.309,3,6
670024,39.102998951661,-84.5189374568147,1.407,2,5
670025,39.1052489536934,-84.5189374568108,10.527,3,8
670026,39.1074989557249,-84.5189374568069,1.407,2,5
670028,39.1119989597858,-84.5189374567992,0.608,2,6
670029,39.1142489618151,-84.5189374567953,3.118,5,13
670030,39.1164989638437,-84.5189374567914,0.304,1,3
670031,39.1187489658714,-84.5189374567876,1.407,2,5
670033,39.1232489699246,-84.5189374567798,1.103,1,2
670035,39.1277489739748,-84.518937456772,9.473,17,48
670036,39.1299989759988,-84.5189374567681,1.244,2,6
670037,39.132248978022,-84.5189374567643,0.304,1,3
670038,39.1344989800444,-84.5189374567604,0.608,2,6
670039,39.136748982066,-84.5189374567565,0.282,2,8
670040,39.1389989840869,-84.5189374567526,1.103,1,2
670041,39.141248986107,-84.5189374567488,0.608,2,6
670042,39.1434989881264,-84.5189374567449,3.309,3,6
670043,39.145748990145,-84.518937456741,11.98,6,18
670052,39.1659990082778,-84.5189374567061,0.304,1,3
670057,39.1772490183249,-84.5189374566867,0.304,1,3
670058,39.179499020332,-84.5189374566828,0.141,1,4
670063,39.1907490303561,-84.5189374566634,1.103,1,2
680023,39.1007493420291,-84.5211966699216,0.046,1,5
680024,39.1029993440687,-84.521196669918,1.407,2,5
680025,39.1052493461075,-84.5211966699144,3.164,6,18
680026,39.1074993481455,-84.5211966699107,1.407,2,5
680027,39.1097493501827,-84.5211966699071,1.548,3,9
680028,39.1119993522192,-84.5211966699035,10.386,2,4
680029,39.1142493542549,-84.5211966698999,1.689,4,13
680033,39.1232493623901,-84.5211966698853,0.141,1,4
680035,39.1277493664531,-84.5211966698781,6.377,11,30
680036,39.1299993684835,-84.5211966698744,6.872,10,26
680037,39.1322493705131,-84.5211966698708,0.445,2,7
680038,39.1344993725419,-84.5211966698672,1.711,3,8
680041,39.1412493786237,-84.5211966698563,4.553,5,12
680042,39.1434993806495,-84.5211966698527,4.998,7,19
680043,39.1457493826744,-84.521196669849,0.304,1,3
680045,39.1502493867221,-84.5211966698418,0.141,1,4
680067,39.1997494310437,-84.5211966697619,1.103,1,2
690021,39.0962496867373,-84.5234558830552,11.63,4,10
690024,39.1029996928754,-84.5234558830451,0.141,1,4
690027,39.1097496990067,-84.5234558830349,1.407,2,5
690028,39.1119997010489,-84.5234558830315,0.304,1,3
690029,39.1142497030903,-84.5234558830282,2.51,3,7
690030,39.1164997051309,-84.5234558830248,1.548,3,9
690031,39.1187497071708,-84.5234558830214,3.613,4,9
690032,39.12099970921,-84.523455883018,1.407,2,5
690034,39.1254997132859,-84.5234558830113,10.082,1,1
690035,39.1277497153227,-84.5234558830079,0.749,3,10
690036,39.1299997173588,-84.5234558830045,10.386,2,4
690041,39.1412497275274,-84.5234558829876,0.141,1,4
690042,39.1434997295589,-84.5234558829843,0.912,3,9
690063,39.1907497720411,-84.5234558829133,0.304,1,3
690067,39.1997497800945,-84.5234558828997,0.304,1,3
700023,39.1007499960311,-84.5257150961962,10.082,1,1
700026,39.1075000021796,-84.5257150961868,11.185,2,3
700027,39.1097500042276,-84.5257150961837,1.244,2,6
700028,39.1120000062748,-84.5257150961806,1.548,3,9
700029,39.1142500083212,-84.5257150961775,1.244,2,6
700030,39.1165000103669,-84.5257150961743,10.386,2,4
700031,39.1187500124118,-84.5257150961712,0.608,2,6
700032,39.1210000144559,-84.5257150961681,0.187,2,9
700033,39.1232500164992,-84.525715096165,0.608,2,6
700034,39.1255000185418,-84.5257150961618,0.141,1,4
700035,39.1277500205836,-84.5257150961587,11.185,2,3
700041,39.1412500328182,-84.52571509614,0.141,1,4
700042,39.1435000348546,-84.5257150961368,0.141,1,4
710026,39.1075002637932,-84.5279743093535,1.216,4,12
710027,39.1097502658455,-84.5279743093507,0.608,2,6
710028,39.112000267897,-84.5279743093478,0.445,2,7
710029,39.1142502699477,-84.5279743093449,13.673,6,15
710030,39.1165002719976,-84.5279743093421,23.423,8,19
710032,39.1210002760952,-84.5279743093363,0.304,1,3
710039,39.1367502904123,-84.5279743093162,0.141,1,4
710043,39.1457502985765,-84.5279743093047,0.304,1,3
720023,39.1007504756324,-84.5302335225434,1.103,1,2
720024,39.1030004776906,-84.5302335225408,20.468,3,5
720025,39.105250479748,-84.5302335225382,0.304,1,3
720026,39.1075004818046,-84.5302335225356,0.304,1,3
720028,39.1120004859154,-84.5302335225304,0.304,1,3
720032,39.1210004941279,-84.5302335225199,0.304,1,3
720037,39.1322505043761,-84.5302335225069,1.407,2,5
720038,39.1345005064234,-84.5302335225042,0.304,1,3
720043,39.1457505166483,-84.5302335224912,1.103,1,2
730025,39.1052506541541,-84.5324927357326,0.141,1,4
730027,39.1097506582723,-84.5324927357279,1.244,2,6
730029,39.1142506623873,-84.5324927357232,0.304,1,3
730031,39.1187506664993,-84.5324927357185,0.304,1,3
730032,39.1210006685541,-84.5324927357161,0.282,2,8
730033,39.1232506706081,-84.5324927357138,0.141,1,4
730035,39.1277506747138,-84.5324927357091,0.141,1,4
730038,39.1345006808666,-84.532492735702,0.423,3,12
730045,39.150250695196,-84.5324927356855,1.103,1,2
730046,39.15250069724,-84.5324927356831,10.082,1,1
730074,39.2155007541559,-84.5324927356171,13.313,9,24
740023,39.1007507808332,-84.534751948941,0.304,1,3
740029,39.1142507932005,-84.5347519489284,2.206,2,4
740031,39.1187507973167,-84.5347519489242,10.082,1,1
740033,39.1232508014298,-84.53475194892,0.35,2,8
740034,39.1255008034852,-84.5347519489179,0.328,3,13
740035,39.1277508055398,-84.5347519489158,0.141,1,4
740037,39.1322508096467,-84.5347519489116,0.304,1,3
740039,39.1367508137505,-84.5347519489074,1.103,1,2
740042,39.1435008199004,-84.5347519489011,0.304,1,3
740043,39.1457508219488,-84.534751948899,0.141,1,4
740044,39.1480008239965,-84.5347519488969,0.608,2,6
740067,39.1997508708778,-84.5347519488487,1.103,1,2
740068,39.2020008729068,-84.5347519488466,10.736,4,12
750025,39.1052508721617,-84.5370111621479,0.141,1,4
750028,39.1120008783485,-84.5370111621424,0.304,1,3
750029,39.1142508804092,-84.5370111621406,1.103,1,2
750039,39.1367509009735,-84.5370111621222,12.733,5,12
750040,39.1390009030257,-84.5370111621204,2.206,2,4
750043,39.1457509091775,-84.5370111621149,10.082,1,1
750046,39.1525009153223,-84.5370111621094,0.608,2,6
760029,39.1142509240135,-84.539270375357,0.304,1,3
760030,39.1165009260741,-84.5392703753554,0.304,1,3
760043,39.1457509527917,-84.5392703753349,1.103,1,2
760045,39.1502509568905,-84.5392703753318,0.304,1,3
760049,39.1592509650786,-84.5392703753254,13.341,7,18
760050,39.1615009671237,-84.5392703753239,1.548,3,9
760051,39.1637509691681,-84.5392703753223,2.51,3,7
760068,39.2020010038027,-84.5392703752954,2.51,3,7
760069,39.204251005833,-84.5392703752938,1.407,2,5
770047,39.1547509609859,-84.5415295885511,0.304,1,3
770050,39.1615009671236,-84.5415295885471,0.187,2,9
770052,39.1660009712114,-84.5415295885445,2.015,4,11
770053,39.1682509732542,-84.5415295885432,1.407,2,5
770054,39.1705009752962,-84.5415295885418,0.304,1,3
770067,39.1997510017714,-84.5415295885247,0.304,1,3
770068,39.2020010038025,-84.5415295885234,0.141,1,4
770069,39.2042510058329,-84.541529588522,1.103,1,2
780034,39.1255008907005,-84.5437888017859,0.608,2,6
780048,39.1570009194145,-84.5437888017711,1.103,1,2
780049,39.1592509214596,-84.54378880177,0.304,1,3
780054,39.1705009316738,-84.5437888017647,0.141,1,4
780058,39.1795009398312,-84.5437888017605,0.141,1,4
780059,39.1817509418686,-84.5437888017594,11.185,2,3
780067,39.1997509581399,-84.5437888017509,0.304,1,3
790027,39.1097507890803,-84.546048015005,0.7,4,16
790054,39.1705008444293,-84.5460480149834,0.141,1,4
790058,39.179500852581,-84.5460480149802,0.141,1,4
790061,39.1862508586866,-84.5460480149778,0.304,1,3
790063,39.1907508627532,-84.5460480149762,1.103,1,2
790065,39.1952508668166,-84.5460480149746,0.304,1,3
790066,39.1975008688472,-84.5460480149738,1.407,2,5
790068,39.202000872906,-84.5460480149722,2.206,2,4
790069,39.2042508749342,-84.5460480149714,0.304,1,3
800024,39.1030006520926,-84.5483072282113,0.046,1,5
800025,39.1052506541529,-84.5483072282107,0.187,2,9
800034,39.1255006726601,-84.5483072282059,0.912,3,9
800039,39.1367506829148,-84.5483072282032,1.103,1,2
800040,39.1390006849634,-84.5483072282026,0.304,1,3
800047,39.1547506992819,-84.5483072281989,0.304,1,3
800049,39.159250703366,-84.5483072281978,0.304,1,3
800051,39.1637507074469,-84.5483072281967,0.304,1,3
800052,39.1660007094862,-84.5483072281962,0.304,1,3
800053,39.1682507115247,-84.5483072281956,0.141,1,4
800063,39.1907507318673,-84.5483072281902,0.304,1,3
800066,39.197500737955,-84.5483072281886,0.304,1,3
800067,39.1997507399827,-84.5483072281881,1.711,3,8
800068,39.2020007420096,-84.5483072281875,1.711,3,8
800069,39.2042507440357,-84.548307228187,0.187,2,9
810023,39.1007504756308,-84.5505664414057,1.103,1,2
810029,39.1142504879681,-84.550566441404,0.304,1,3
810034,39.1255004982279,-84.5505664414026,1.407,2,5
810035,39.1277505002775,-84.5505664414023,1.244,2,6
810038,39.1345005064218,-84.5505664414015,0.445,2,7
810039,39.1367505084683,-84.5505664414012,0.304,1,3
810040,39.1390005105141,-84.5505664414009,0.304,1,3
810045,39.1502505207313,-84.5505664413995,0.304,1,3
810051,39.1637505329664,-84.5505664413978,0.141,1,4
810052,39.1660005350029,-84.5505664413975,1.548,3,9
810053,39.1682505370386,-84.5505664413972,0.304,1,3
810064,39.1930005593801,-84.5505664413941,1.103,1,2
810065,39.1952505614065,-84.5505664413938,1.103,1,2
820023,39.1007502576299,-84.552825654587,0.304,1,3
820024,39.1030002596844,-84.5528256545869,0.304,1,3
820025,39.1052502617382,-84.5528256545869,2.319,5,14
820026,39.1075002637913,-84.5528256545869,0.654,3,11
820027,39.1097502658435,-84.5528256545869,1.103,1,2
820028,39.112000267895,-84.5528256545869,1.103,1,2
820033,39.1232502781408,-84.5528256545867,0.141,1,4
820034,39.1255002801877,-84.5528256545867,1.103,1,2
820038,39.1345002883673,-84.5528256545866,0.304,1,3
820042,39.1435002965346,-84.5528256545865,0.304,1,3
820044,39.1480003006136,-84.5528256545865,0.141,1,4
820051,39.1637503148658,-84.5528256545863,11.185,2,3
820052,39.1660003168988,-84.5528256545863,0.586,3,11
830026,39.1075000021773,-84.5550848677536,0.282,2,8
830036,39.1300000226223,-84.5550848677559,1.103,1,2
830038,39.134500026702,-84.5550848677564,1.103,1,2
830040,39.1390000307787,-84.5550848677568,0.141,1,4
830042,39.1435000348523,-84.5550848677573,0.608,2,6
830047,39.1547500450227,-84.5550848677585,0.304,1,3
830053,39.1682500572018,-84.5550848677598,0.304,1,3
830057,39.1772500653057,-84.5550848677607,0.304,1,3
830068,39.202000087528,-84.5550848677632,0.304,1,3
830069,39.2042500895435,-84.5550848677635,0.445,2,7
830071,39.2087500935723,-84.5550848677639,0.304,1,3
840025,39.1052496949173,-84.5573440809016,10.082,1,1
840026,39.107499696961,-84.5573440809021,1.103,1,2
840028,39.1119997010462,-84.5573440809031,1.244,2,6
840029,39.1142497030876,-84.5573440809036,10.082,1,1
840038,39.1344997214259,-84.5573440809079,0.304,1,3
840041,39.1412497275248,-84.5573440809094,0.304,1,3
850026,39.1074993481424,-84.5596032940297,1.103,1,2
850027,39.1097493501797,-84.5596032940304,0.304,1,3
850029,39.1142493542519,-84.5596032940319,20.913,5,12
850035,39.1277493664501,-84.5596032940363,0.282,2,8
850039,39.1367493745669,-84.5596032940393,0.304,1,3
850042,39.1434993806465,-84.5596032940415,11.489,3,6
850045,39.1502493867191,-84.5596032940437,0.304,1,3
850046,39.1524993887418,-84.5596032940444,0.304,1,3
850047,39.1547493907637,-84.5596032940451,1.103,1,2
850067,39.1997494310407,-84.5596032940598,0.304,1,3
860019,39.0917489414844,-84.5618625071266,0.304,1,3
860025,39.10524895369,-84.5618625071325,0.304,1,3
860026,39.1074989557216,-84.5618625071335,1.407,2,5
860027,39.1097489577524,-84.5618625071345,1.689,4,13
860028,39.1119989597824,-84.5618625071355,10.082,1,1
860029,39.1142489618117,-84.5618625071365,0.141,1,4
860034,39.1254989719467,-84.5618625071414,1.244,2,6
860036,39.1299989759954,-84.5618625071434,1.852,4,12
860045,39.1502489941765,-84.5618625071522,1.407,2,5
860047,39.1547489982083,-84.5618625071542,1.407,2,5
860048,39.156999000223,-84.5618625071552,0.304,1,3
860057,39.1772490183215,-84.561862507164,0.141,1,4
860060,39.1839990243406,-84.5618625071669,0.304,1,3
860061,39.1862490263454,-84.5618625071679,0.304,1,3
860068,39.2019990403577,-84.5618625071748,1.852,4,12
870018,39.0894985034815,-84.5641217202009,1.103,1,2
870023,39.1007485136228,-84.5641217202071,0.304,1,3
870027,39.1097485217221,-84.564121720212,16.088,9,23
870028,39.111998523745,-84.5641217202132,10.386,2,4
870029,39.1142485257671,-84.5641217202144,1.407,2,5
870036,39.1299985399009,-84.5641217202231,0.304,1,3
870037,39.132248541917,-84.5641217202243,0.304,1,3
870043,39.1457485539973,-84.5641217202317,0.304,1,3
870045,39.150248558018,-84.5641217202341,0.141,1,4
870058,39.1794985840782,-84.5641217202501,0.304,1,3
870060,39.183998588076,-84.5641217202526,0.608,2,6
870061,39.1862485900738,-84.5641217202538,0.304,1,3
870067,39.1997486020444,-84.5641217202612,0.141,1,4
870068,39.2019986040368,-84.5641217202624,0.304,1,3
880021,39.0962480299824,-84.5663809332513,0.608,2,6
880022,39.098498032002,-84.5663809332528,1.711,3,8
880023,39.1007480340209,-84.5663809332542,3.754,5,13
880024,39.102998036039,-84.5663809332557,0.141,1,4
880025,39.1052480380563,-84.5663809332572,1.103,1,2
880026,39.1074980400729,-84.5663809332587,0.608,2,6
880027,39.1097480420887,-84.5663809332601,12.143,6,17
880028,39.1119980441038,-84.5663809332616,2.51,3,7
880032,39.1209980521565,-84.5663809332675,0.304,1,3
880038,39.1344980642127,-84.5663809332764,1.103,1,2
880045,39.1502480782438,-84.5663809332867,0.304,1,3
880046,39.1524980802452,-84.5663809332881,10.082,1,1
880060,39.183998108185,-84.5663809333088,0.141,1,4
880062,39.1884981121643,-84.5663809333117,10.386,2,4
890018,39.08949750076,-84.5686401462607,1.407,2,5
890022,39.0984975088086,-84.5686401462676,0.445,2,7
890023,39.1007475108189,-84.5686401462693,0.141,1,4
890025,39.1052475148372,-84.5686401462727,0.304,1,3
890027,39.1097475188524,-84.5686401462761,3.209,9,28
890029,39.1142475228646,-84.5686401462796,0.141,1,4
890034,39.125497532882,-84.5686401462881,1.103,1,2
890037,39.1322475388834,-84.5686401462933,0.141,1,4
890038,39.1344975408823,-84.568640146295,0.046,1,5
890047,39.1547475588387,-84.5686401463104,0.608,2,6
890061,39.1862475866492,-84.5686401463344,0.141,1,4
890063,39.19074759061,-84.5686401463379,1.548,3,9
890064,39.1929975925893,-84.5686401463396,0.304,1,3
900016,39.0849969299941,-84.5708993592357,1.103,1,2
900018,39.0894969340043,-84.5708993592396,0.304,1,3
900019,39.0917469360083,-84.5708993592416,1.711,3,8
900026,39.1074969500151,-84.5708993592553,10.082,1,1
900027,39.1097469520131,-84.5708993592572,1.103,1,2
900028,39.1119969540103,-84.5708993592591,2.955,5,14
900029,39.1142469560067,-84.5708993592611,0.304,1,3
900032,39.1209969619916,-84.5708993592669,0.304,1,3
900035,39.1277469679697,-84.5708993592728,0.445,2,7
900038,39.134496973941,-84.5708993592786,1.407,2,5
900043,39.1457469838782,-84.5708993592884,0.304,1,3
900044,39.1479969858634,-84.5708993592904,1.244,2,6
900048,39.1569969937965,-84.5708993592982,0.282,2,8
900062,39.1884970214678,-84.5708993593255,1.103,1,2
900063,39.1907470234387,-84.5708993593275,2.156,5,15
900064,39.1929970254088,-84.5708993593294,1.244,2,6
910019,39.0917463256461,-84.573158572183,0.304,1,3
910027,39.1097463415707,-84.5731585722005,12.896,5,11
910028,39.1119963435579,-84.5731585722027,2.51,3,7
910032,39.1209963514993,-84.5731585722115,0.304,1,3
910034,39.1254963554655,-84.5731585722158,0.445,2,7
910035,39.1277463574475,-84.573158572218,11.326,3,7
910038,39.1344963633889,-84.5731585722245,1.407,2,5
910043,39.1457463732763,-84.5731585722355,1.711,3,8
910062,39.1884964106778,-84.573158572277,0.912,3,9
910064,39.1929964145991,-84.5731585722813,0.654,3,11
920027,39.1097456875254,-84.5754177851033,1.711,3,8
920029,39.1142456914777,-84.5754177851081,2.365,6,19
920030,39.1164956934527,-84.5754177851105,1.103,1,2
920032,39.1209956974004,-84.5754177851154,0.141,1,4
920033,39.1232456993732,-84.5754177851178,0.304,1,3
920034,39.1254957013453,-84.5754177851202,0.304,1,3
920037,39.1322457072569,-84.5754177851274,1.103,1,2
920038,39.134495709226,-84.5754177851299,0.608,2,6
920039,39.1367457111943,-84.5754177851323,2.206,2,4
920041,39.1412457151287,-84.5754177851371,0.304,1,3
920042,39.1434957170948,-84.5754177851395,10.831,4,11
920043,39.1457457190601,-84.5754177851419,0.328,3,13
920062,39.18849575626,-84.5754177851878,0.141,1,4
920065,39.1952457621091,-84.575417785195,0.304,1,3
930025,39.1052449859447,-84.5776769979574,1.407,2,5
930028,39.1119949918421,-84.5776769979654,1.103,1,2
930029,39.1142449938065,-84.577676997968,13.645,8,21
930030,39.1164949957701,-84.5776769979707,0.304,1,3
930032,39.120994999695,-84.5776769979759,0.304,1,3
930034,39.125495003617,-84.5776769979812,0.304,1,3
930039,39.1367450134091,-84.5776769979944,0.35,2,8
930040,39.1389950153653,-84.5776769979971,0.304,1,3
930042,39.1434950192755,-84.5776769980024,0.141,1,4
930047,39.154745029038,-84.5776769980155,1.103,1,2
930048,39.1569950309882,-84.5776769980182,1.103,1,2
930062,39.1884950582143,-84.5776769980552,1.103,1,2
930065,39.1952450640296,-84.5776769980631,0.304,1,3
930066,39.1974950659665,-84.5776769980657,1.407,2,5
930068,39.2019950698382,-84.577676998071,0.304,1,3
930069,39.2042450717729,-84.5776769980736,1.407,2,5
940025,39.1052442447176,-84.5799362107703,0.304,1,3
940029,39.1142442525308,-84.5799362107818,21.054,6,16
940030,39.1164942544823,-84.5799362107847,1.244,2,6
940031,39.118744256433,-84.5799362107875,0.304,1,3
940032,39.120994258383,-84.5799362107904,1.103,1,2
940040,39.1389942739565,-84.5799362108133,1.385,3,10
940041,39.1412442758999,-84.5799362108161,13.341,7,18
940042,39.1434942778425,-84.579936210819,0.304,1,3
940047,39.1547442875447,-84.5799362108333,1.244,2,6
940048,39.1569942894829,-84.5799362108362,0.141,1,4
940062,39.1884943165408,-84.5799362108762,1.244,2,6
940067,39.1997443261694,-84.5799362108905,2.015,4,11
950027,39.1097434637713,-84.5821954235405,1.103,1,2
950028,39.1119934657114,-84.5821954235436,1.103,1,2
950029,39.1142434676508,-84.5821954235466,3.118,5,13
950030,39.1164934695894,-84.5821954235497,1.103,1,2
950031,39.1187434715273,-84.5821954235528,1.103,1,2
950032,39.1209934734645,-84.5821954235559,2.206,2,4
950040,39.1389934889355,-84.5821954235805,1.103,1,2
950041,39.141243490866,-84.5821954235836,0.608,2,6
950042,39.1434934927959,-84.5821954235866,0.304,1,3
950044,39.1479934966534,-84.5821954235928,0.304,1,3
960025,39.1052426314588,-84.5844546362466,10.082,1,1
960026,39.1074926333868,-84.5844546362499,2.651,4,11
960027,39.109742635314,-84.5844546362532,0.141,1,4
960028,39.1119926372405,-84.5844546362565,1.711,3,8
960029,39.1142426391663,-84.5844546362597,5.415,11,32
960030,39.1164926410914,-84.584454636263,0.304,1,3
960041,39.1412426622192,-84.5844546362992,11.326,3,7
960043,39.1457426660512,-84.5844546363058,1.103,1,2
970014,39.0804917383291,-84.5867138488659,1.103,1,2
970025,39.105241759427,-84.5867138489044,1.103,1,2
970026,39.1074917613407,-84.5867138489078,0.304,1,3
970028,39.1119917651659,-84.5867138489149,0.608,2,6
970029,39.1142417670774,-84.5867138489183,0.304,1,3
970036,39.1299917804379,-84.5867138489428,0.141,1,4
970037,39.1322417823436,-84.5867138489463,1.103,1,2
970045,39.1502417975637,-84.5867138489743,1.407,2,5
970046,39.152491799463,-84.5867138489778,1.103,1,2
980025,39.1052408437937,-84.5889730615048,0.304,1,3
980026,39.1074908456924,-84.5889730615085,2.206,2,4
980028,39.1119908494876,-84.5889730615159,2.206,2,4
980029,39.1142408513841,-84.5889730615196,1.103,1,2
980036,39.1299908646398,-84.5889730615455,1.103,1,2
980041,39.1412408740867,-84.5889730615639,1.407,2,5
980045,39.1502408816313,-84.5889730615788,0.141,1,4
990026,39.1074898864418,-84.5912322740491,0.141,1,4
990028,39.1119898902056,-84.5912322740569,0.304,1,3
990029,39.1142398920864,-84.5912322740608,1.711,3,8
990036,39.1299899052323,-84.591232274088,12.429,4,9
990041,39.141239914601,-84.5912322741075,0.141,1,4
990042,39.1434899164726,-84.5912322741113,0.141,1,4
990043,39.1457399183435,-84.5912322741153,1.103,1,2
990044,39.1479899202137,-84.5912322741191,0.304,1,3
1000027,39.1097388854548,-84.5934914865309,0.304,1,3
1000030,39.116488891048,-84.5934914865431,1.103,1,2
1000036,39.1299889022154,-84.5934914865676,0.304,1,3
1000037,39.1322389040742,-84.5934914865717,1.407,2,5
1000042,39.1434889133576,-84.593491486592,0.304,1,3
1000043,39.1457389152122,-84.5934914865961,0.304,1,3
1000045,39.1502389189192,-84.5934914866043,0.304,1,3
1000047,39.1547389226234,-84.5934914866125,0.608,2,6
1010027,39.1097378389825,-84.5957506989431,0.141,1,4
1010028,39.1119878408304,-84.5957506989473,0.304,1,3
1010033,39.1232378500599,-84.5957506989686,11.185,2,3
1010035,39.1277378537467,-84.5957506989771,1.103,1,2
1010036,39.1299878555891,-84.5957506989814,1.103,1,2
1010044,39.1479878703033,-84.5957506990155,0.304,1,3
1020026,39.1074867470764,-84.5980099112823,0.912,3,9
1020027,39.1097367489072,-84.5980099112868,1.407,2,5
1020030,39.1164867543955,-84.5980099113001,0.304,1,3
1020031,39.1187367562236,-84.5980099113045,0.304,1,3
1020032,39.1209867580509,-84.5980099113089,2.206,2,4
1020035,39.1277367635288,-84.5980099113223,11.793,4,9
1020038,39.1344867690006,-84.5980099113356,1.103,1,2
1020040,39.138986772645,-84.5980099113444,1.103,1,2
1020043,39.1457367781064,-84.5980099113577,0.304,1,3
1020044,39.1479867799255,-84.5980099113622,12.401,6,15
1020045,39.1502367817438,-84.5980099113666,0.304,1,3
1020049,39.1592367890105,-84.5980099113844,1.103,1,2
1030028,39.1119856170405,-84.6002691235638,1.407,2,5
1030030,39.1164856206616,-84.600269123573,0.304,1,3
1030031,39.1187356224711,-84.6002691235776,14.444,8,20
1030032,39.1209856242799,-84.6002691235822,13.391,4,7
1030033,39.1232356260881,-84.6002691235868,2.651,4,11
1030034,39.1254856278955,-84.6002691235914,2.206,2,4
1030035,39.1277356297023,-84.600269123596,1.711,3,8
1030036,39.1299856315084,-84.6002691236006,0.304,1,3
1030037,39.1322356333138,-84.6002691236052,0.304,1,3
1030038,39.1344856351185,-84.6002691236098,2.814,4,10
1030039,39.1367356369226,-84.6002691236144,0.912,3,9
1030040,39.1389856387259,-84.600269123619,0.304,1,3
1030041,39.1412356405286,-84.6002691236236,0.304,1,3
1030045,39.1502356477325,-84.6002691236421,0.374,4,18
1030046,39.1524856495317,-84.6002691236467,0.608,2,6
1030049,39.1592356549255,-84.6002691236605,0.141,1,4
1030050,39.161485656722,-84.6002691236651,1.103,1,2
1040032,39.1209844469024,-84.6025283357813,1.103,1,2
1040033,39.1232344486913,-84.6025283357861,15.823,12,31
1040034,39.1254844504795,-84.6025283357909,13.2,6,14
1040035,39.127734452267,-84.6025283357956,1.103,1,2
1040038,39.1344844576256,-84.6025283358099,3.613,4,9
1040044,39.1479844683246,-84.6025283358385,1.244,2,6
1040045,39.1502344701054,-84.6025283358433,1.407,2,5
1040046,39.1524844718855,-84.602528335848,0.445,2,7
1040047,39.1547344736649,-84.6025283358528,4.199,7,20
1040050,39.1614844789992,-84.6025283358671,0.304,1,3
1050032,39.1209832259183,-84.6047875479036,0.141,1,4
1050034,39.1254832294555,-84.6047875479134,0.304,1,3
1050035,39.1277332312231,-84.6047875479183,0.304,1,3
1050036,39.1299832329901,-84.6047875479233,1.103,1,2
1050037,39.1322332347563,-84.6047875479282,1.103,1,2
1050039,39.1367332382869,-84.604787547938,1.194,5,17
1050040,39.1389832400511,-84.6047875479429,1.407,2,5
1050041,39.1412332418147,-84.6047875479478,0.445,2,7
1050046,39.1524832506227,-84.6047875479724,10.69,3,7
1060025,39.1052319490714,-84.6070467599106,1.103,1,2
1060032,39.1209819613277,-84.6070467599461,1.103,1,2
1060035,39.1277319665705,-84.6070467599613,0.141,1,4
1060041,39.1412319770384,-84.6070467599917,0.304,1,3
1060046,39.1524819857434,-84.607046760017,0.304,1,3
1070012,39.075980618456,-84.609305971802,0.141,1,4
1070036,39.1299806600342,-84.6093059719269,3.613,4,9
1070037,39.1322306617585,-84.6093059719321,2.206,2,4
1070041,39.1412306686491,-84.6093059719529,1.407,2,5
1080036,39.1299793081422,-84.6115651838021,0.304,1,3
1080038,39.134479311546,-84.6115651838128,0.141,1,4
1080039,39.1367293132469,-84.6115651838182,0.304,1,3
1080040,39.1389793149472,-84.6115651838235,1.407,2,5
1080041,39.1412293166469,-84.6115651838288,1.103,1,2
1080042,39.1434793183459,-84.6115651838342,1.103,1,2
1080044,39.1479793217419,-84.6115651838448,1.711,3,8
1090039,39.1367279176773,-84.6138243956056,1.689,4,13
1090041,39.1412279210317,-84.6138243956165,1.407,2,5
1090042,39.143477922708,-84.613824395622,0.141,1,4
1090043,39.1457279243836,-84.6138243956274,1.103,1,2
1090044,39.1479779260586,-84.6138243956329,13.836,6,14
1100040,39.1389764801502,-84.6160836073077,1.244,2,6
1100041,39.1412264818037,-84.6160836073133,10.082,1,1
1100043,39.1457264851087,-84.6160836073244,0.304,1,3
1110040,39.1389749973334,-84.6183428189105,0.304,1,3
1110041,39.1412249989627,-84.6183428189162,0.491,3,12
1110042,39.1434750005913,-84.6183428189219,10.386,2,4
1110043,39.1457250022194,-84.6183428189276,2.206,2,4
1120042,39.1434734741126,-84.6206020304284,1.103,1,2
1120043,39.1457234757158,-84.6206020304342,1.407,2,5
1130041,39.141221902442,-84.6228612418296,0.304,1,3
1130042,39.1434719040202,-84.6228612418355,0.304,1,3
1130043,39.1457219055978,-84.6228612418413,1.103,1,2
1140013,39.0782202450687,-84.6251204529685,1.103,1,2
1220017,39.0872057775235,-84.6431941394117,0.141,1,4
1390026,39.1074157625985,-84.681600694305,0.304,1,3
1400026,39.1074130156584,-84.683859901975,0.304,1,3
1480033,39.123139472122,-84.7019335567154,0.304,1,3
