"cell_id","binary_predictor"
20012,1
20013,0
20015,0
20016,0
20019,0
20020,0
20021,0
20022,0
30012,1
30013,0
30014,0
30015,1
30016,0
30017,0
30018,0
30019,0
30020,0
30021,0
30022,0
30046,0
40013,0
40014,0
40015,0
40016,1
40017,0
40018,0
40019,0
40020,0
40021,0
40022,0
40023,0
40024,0
40046,0
50014,0
50015,0
50016,0
50017,1
50018,0
50019,0
50020,0
50021,0
50022,1
50023,0
50024,0
50046,1
50047,0
50048,0
50049,0
50050,0
60014,0
60015,0
60016,0
60017,1
60018,0
60019,0
60020,0
60021,0
60022,0
60023,0
60024,0
60046,1
60047,0
60048,0
60049,1
60050,0
70013,0
70014,0
70015,1
70016,0
70017,0
70018,0
70019,0
70020,0
70021,0
70022,0
70023,0
70024,0
70025,0
70045,1
70046,1
70047,0
70048,0
70049,1
70050,0
80013,0
80014,0
80015,0
80016,0
80017,0
80018,0
80019,1
80020,1
80021,1
80022,0
80023,0
80024,0
80025,0
80026,0
80045,0
80046,0
80047,0
80048,0
80049,0
80050,1
80051,0
80052,1
90013,0
90014,0
90015,0
90016,0
90017,1
90018,1
90019,1
90020,1
90021,1
90022,1
90023,0
90024,0
90025,0
90026,0
90045,0
90046,0
90047,0
90048,0
90049,1
90050,0
90051,0
90052,0
100014,1
100015,0
100016,1
100017,1
100018,1
100019,0
100020,0
100021,0
100022,0
100023,0
100024,0
100025,0
100026,0
100045,0
100046,0
100047,0
100048,0
100049,1
100050,1
100051,0
100052,0
110014,1
110015,0
110016,0
110017,0
110018,0
110019,1
110020,1
110021,0
110022,0
110023,0
110024,0
110025,0
110045,1
110046,0
110047,0
110048,0
110049,0
110050,1
110051,1
110052,0
120014,0
120015,0
120016,0
120017,0
120018,0
120019,1
120020,0
120021,0
120022,0
120023,0
120024,0
120045,0
120046,0
120047,0
120048,0
120049,1
120050,1
120051,1
120052,0
130015,0
130016,0
130017,0
130018,0
130019,0
130020,0
130021,0
130023,0
130024,0
130033,0
130045,0
130046,0
130047,0
130048,0
130049,1
130050,1
130051,0
130052,0
140014,0
140015,0
140016,0
140017,0
140018,0
140019,0
140024,0
140025,0
140030,0
140031,0
140032,0
140033,0
140034,0
140035,0
140036,0
140045,0
140046,0
140047,0
140048,0
140049,0
140050,1
140051,0
140052,0
150014,0
150017,0
150018,0
150024,0
150026,0
150028,0
150029,0
150030,0
150031,0
150032,0
150033,0
150034,0
150035,0
150036,0
150037,0
150038,0
150045,0
150046,0
150047,0
150048,0
150049,0
150050,0
150051,0
150052,0
150055,0
150056,1
150061,0
160017,0
160018,0
160026,0
160027,0
160028,0
160029,0
160030,0
160031,0
160032,0
160033,0
160034,0
160035,0
160036,0
160037,0
160038,0
160045,1
160046,0
160047,0
160048,0
160049,0
160050,1
160051,0
160052,0
160053,0
160056,0
160057,0
160060,1
160061,1
170008,0
170009,0
170017,0
170018,0
170026,0
170027,0
170028,0
170029,0
170030,0
170031,0
170032,0
170033,0
170034,0
170035,0
170036,0
170037,0
170038,0
170039,0
170040,0
170041,0
170042,0
170043,0
170044,1
170045,1
170046,0
170047,0
170048,0
170049,1
170050,0
170051,0
170052,0
170053,0
170056,0
170057,0
170059,0
170060,1
170061,1
180007,0
180008,0
180009,0
180010,0
180016,0
180017,0
180018,0
180022,0
180026,0
180027,0
180028,0
180029,0
180030,0
180031,0
180032,0
180033,0
180034,0
180035,0
180036,0
180037,0
180038,0
180039,0
180040,0
180041,0
180042,0
180043,0
180044,1
180045,0
180046,0
180047,0
180048,0
180049,0
180050,1
180051,0
180052,0
180053,0
180056,0
180057,0
180058,0
180059,0
180060,0
180061,0
190006,0
190007,0
190008,0
190009,0
190010,0
190011,0
190016,0
190017,0
190018,0
190019,0
190021,0
190022,0
190023,0
190025,0
190026,0
190027,0
190028,0
190029,0
190030,0
190031,0
190032,0
190033,0
190034,0
190035,0
190036,0
190037,0
190038,0
190039,0
190040,0
190041,0
190042,0
190043,0
190044,0
190045,0
190046,0
190047,0
190048,0
190049,0
190050,0
190051,0
190052,0
190053,0
190056,0
190057,0
190058,0
190059,0
190060,0
190061,0
190062,0
200005,0
200006,0
200007,0
200008,0
200009,0
200010,0
200011,0
200012,0
200013,0
200014,0
200015,0
200016,0
200017,0
200018,0
200019,0
200020,0
200021,0
200022,0
200023,0
200024,0
200025,0
200026,0
200027,0
200028,0
200029,0
200030,0
200031,0
200032,1
200033,0
200034,0
200035,0
200036,0
200037,0
200038,0
200039,0
200040,0
200041,0
200042,0
200043,0
200044,0
200045,0
200046,0
200047,0
200048,0
200049,0
200050,0
200051,0
200052,0
200053,0
200056,0
200057,0
200058,1
200059,0
200060,0
200061,0
200062,0
200063,0
200064,0
210004,0
210005,0
210006,0
210007,0
210008,0
210009,0
210010,0
210011,0
210012,0
210013,0
210014,0
210015,0
210016,0
210017,0
210018,0
210019,0
210020,0
210021,0
210022,0
210023,0
210024,0
210025,0
210026,0
210027,0
210028,0
210029,0
210030,0
210031,0
210032,1
210033,0
210034,0
210035,0
210036,0
210037,0
210038,0
210039,0
210040,0
210041,1
210042,0
210043,0
210044,0
210045,0
210046,0
210047,0
210048,0
210049,0
210050,0
210051,0
210052,0
210053,0
210056,0
210057,0
210058,1
210059,1
210060,0
210061,0
210062,1
210063,0
210064,0
220004,0
220005,0
220006,0
220007,0
220008,0
220009,0
220010,0
220011,0
220012,0
220013,0
220014,0
220015,0
220016,0
220017,0
220018,0
220019,0
220020,0
220021,0
220022,0
220023,0
220024,0
220025,0
220026,0
220027,0
220028,0
220029,0
220030,0
220031,0
220032,1
220033,1
220034,0
220035,0
220036,0
220037,0
220038,0
220039,0
220040,0
220041,1
220042,0
220043,0
220044,0
220045,0
220046,1
220047,0
220048,0
220049,1
220050,0
220051,1
220052,1
220053,0
220057,0
220058,0
220059,0
220060,0
220061,1
220062,1
220063,0
220064,0
230003,0
230004,0
230005,0
230006,0
230007,0
230008,0
230009,0
230010,0
230011,0
230012,0
230013,0
230014,0
230015,0
230016,0
230017,0
230018,0
230019,0
230020,0
230021,0
230022,0
230023,0
230024,0
230025,0
230026,0
230027,0
230028,0
230029,0
230030,0
230031,0
230032,0
230033,0
230034,0
230035,0
230036,0
230037,1
230038,0
230039,0
230040,0
230041,1
230042,0
230043,0
230044,0
230045,0
230046,1
230047,0
230048,0
230049,1
230050,1
230051,0
230057,0
230058,0
230059,0
230060,1
230061,1
230062,0
230063,0
230064,0
240002,0
240003,0
240004,1
240005,1
240006,0
240007,0
240008,0
240009,0
240010,0
240011,0
240012,0
240013,0
240014,0
240015,0
240016,0
240017,0
240018,0
240019,0
240020,0
240021,0
240022,0
240023,0
240024,0
240025,0
240026,0
240027,1
240028,0
240029,0
240030,0
240031,0
240032,0
240033,0
240034,0
240035,0
240036,1
240037,1
240038,1
240039,0
240040,0
240041,1
240042,1
240043,1
240044,0
240045,0
240046,1
240047,1
240048,1
240049,1
240050,0
240051,1
240052,1
240057,0
240058,0
240059,0
240060,1
240061,1
240062,0
240063,0
240064,0
250002,0
250003,0
250004,1
250005,0
250006,0
250007,1
250008,0
250009,0
250010,0
250011,0
250012,0
250013,0
250014,0
250015,0
250016,0
250017,0
250018,0
250019,0
250020,0
250021,0
250022,0
250023,0
250024,0
250025,0
250026,0
250027,0
250028,0
250029,0
250030,0
250031,0
250032,0
250033,0
250034,0
250035,0
250036,1
250037,0
250038,0
250039,0
250040,0
250041,1
250042,0
250043,0
250044,0
250045,0
250046,1
250047,1
250048,1
250049,0
250050,1
250051,1
250052,0
250056,0
250057,0
250058,0
250059,1
250060,1
250061,0
250062,0
260003,0
260004,0
260005,0
260006,0
260007,1
260008,0
260009,0
260010,0
260011,0
260012,0
260013,0
260014,0
260015,0
260016,0
260017,0
260018,0
260019,0
260020,0
260021,0
260022,0
260023,0
260024,0
260025,0
260026,0
260027,0
260028,0
260029,0
260030,0
260031,0
260032,0
260033,0
260034,0
260035,1
260036,0
260037,0
260038,0
260039,1
260040,0
260041,0
260042,0
260043,1
260044,1
260045,0
260046,1
260047,1
260048,0
260049,1
260050,1
260051,1
260052,0
260056,1
260057,0
260058,1
260059,1
260060,0
260061,1
270004,0
270005,0
270006,0
270007,0
270008,0
270009,0
270010,0
270011,0
270012,0
270013,0
270014,0
270015,0
270016,0
270017,0
270018,0
270019,0
270020,0
270021,0
270022,0
270023,0
270024,0
270025,0
270026,0
270027,0
270028,0
270029,0
270030,0
270031,0
270032,0
270033,0
270034,0
270035,1
270036,0
270037,1
270038,0
270039,1
270040,0
270041,1
270042,1
270043,1
270044,1
270045,0
270046,0
270047,1
270048,0
270049,0
270050,1
270051,0
270052,0
270055,0
270056,0
270057,1
270058,1
270059,1
270060,0
270061,0
280006,0
280007,0
280008,0
280009,0
280010,0
280011,0
280012,0
280013,0
280014,0
280015,0
280016,0
280017,0
280018,0
280019,0
280020,0
280021,0
280022,0
280023,0
280024,0
280025,0
280026,0
280027,0
280028,0
280029,0
280030,0
280031,0
280032,0
280033,0
280034,0
280035,1
280036,1
280037,1
280038,0
280039,0
280040,0
280041,0
280042,1
280043,1
280044,1
280045,0
280046,1
280047,1
280048,0
280049,0
280050,0
280051,0
280052,0
280053,0
280054,0
280055,0
280056,0
280057,1
280058,0
280059,1
280060,0
280061,0
290011,0
290016,0
290017,0
290018,0
290019,0
290021,0
290022,0
290023,1
290024,1
290025,0
290026,0
290027,0
290028,0
290029,0
290030,0
290031,0
290032,0
290033,0
290034,0
290035,0
290036,1
290037,0
290038,1
290039,0
290040,1
290041,1
290042,1
290043,1
290044,0
290045,1
290046,1
290047,0
290048,0
290049,0
290050,0
290051,0
290052,0
290053,0
290054,0
290055,0
290056,0
290057,1
290058,0
290059,0
290060,0
290061,1
300024,0
300025,0
300026,0
300027,0
300028,1
300029,1
300030,0
300031,0
300032,1
300033,0
300034,0
300035,1
300036,0
300037,0
300038,1
300039,0
300040,0
300041,1
300042,0
300043,1
300044,0
300045,0
300046,0
300047,0
300048,0
300049,0
300050,0
300051,0
300053,0
300054,0
300055,1
300056,1
300057,0
300058,1
300059,0
300060,0
300061,0
310026,0
310027,0
310028,0
310029,1
310030,1
310031,0
310032,0
310033,0
310034,0
310035,0
310036,0
310037,0
310038,0
310039,1
310040,0
310041,0
310042,0
310043,0
310044,1
310045,0
310046,0
310047,0
310048,0
310054,0
310055,0
310056,0
310057,0
310058,0
310059,0
310060,0
310061,0
310062,0
320027,0
320028,0
320029,1
320030,1
320031,0
320032,0
320033,0
320034,0
320035,1
320036,0
320037,0
320038,0
320039,1
320040,1
320041,0
320042,0
320043,0
320044,0
320045,0
320046,0
320047,0
320053,0
320056,1
320057,0
320058,1
320059,0
330028,0
330029,0
330030,0
330031,1
330032,0
330033,0
330034,0
330035,0
330036,0
330037,0
330038,1
330039,1
330040,1
330041,1
330042,1
330043,1
330044,0
330045,0
330046,1
330056,1
330057,0
330058,0
330059,0
340029,0
340030,0
340031,1
340032,0
340033,0
340034,0
340035,0
340036,0
340037,0
340038,0
340039,1
340040,1
340041,1
340042,1
340057,0
340058,0
340059,0
350030,0
350031,0
350032,0
350033,0
350034,0
350035,0
350036,0
350037,0
350038,0
350039,0
350040,1
350041,1
350042,1
350057,0
350058,0
350059,0
360031,0
360032,0
360033,0
360034,0
360035,0
360036,0
360037,0
360038,0
360039,1
360040,1
360041,0
360042,1
360044,0
360058,0
360059,0
370031,0
370032,0
370033,0
370034,0
370035,0
370036,0
370037,0
370038,0
370039,1
370040,1
370041,0
370042,0
370043,0
370058,0
370059,0
370068,0
380032,0
380033,0
380034,0
380035,0
380036,0
380037,0
380038,0
380039,0
380040,1
380041,1
380042,0
380043,0
380058,0
380059,0
380066,0
380067,0
380068,0
380070,1
390032,0
390033,0
390034,0
390035,0
390036,0
390037,0
390038,0
390039,0
390040,0
390041,1
390042,0
390043,0
390058,0
390059,1
390060,1
390061,0
390062,0
390063,1
390064,0
390065,0
390066,0
390067,1
390068,1
390069,1
390070,1
390071,0
390072,0
400032,0
400033,0
400034,0
400035,0
400036,0
400037,0
400038,1
400039,0
400040,0
400041,0
400042,0
400043,0
400058,0
400059,0
400060,0
400061,1
400062,0
400063,1
400064,0
400065,1
400066,1
400067,1
400068,1
400069,1
400070,1
400071,0
400072,0
410033,0
410034,0
410035,0
410036,0
410037,0
410038,1
410039,0
410040,0
410041,0
410042,0
410043,0
410053,0
410054,0
410055,0
410056,0
410057,1
410058,0
410059,0
410060,0
410061,1
410062,1
410063,0
410064,1
410065,1
410066,1
410067,0
410068,1
410069,0
410070,0
410071,0
410072,0
420033,0
420034,1
420035,0
420036,1
420037,1
420038,0
420039,0
420040,0
420041,0
420042,1
420043,1
420053,0
420054,0
420055,0
420056,1
420057,0
420058,0
420059,1
420060,0
420061,0
420062,1
420063,1
420064,1
420065,0
420066,0
420067,0
420068,1
420069,0
420070,0
420071,0
420072,0
420073,0
420074,1
420075,1
430033,1
430037,1
430038,0
430039,0
430040,1
430041,0
430042,1
430043,1
430053,0
430054,0
430055,0
430056,0
430057,0
430058,0
430059,1
430060,0
430061,1
430062,0
430063,1
430064,0
430065,0
430066,1
430067,0
430068,0
430069,0
430070,0
430071,1
430072,0
430073,0
430074,0
430075,0
440033,0
440038,0
440039,1
440040,0
440041,1
440042,1
440043,1
440051,0
440052,0
440053,0
440054,1
440055,1
440056,1
440057,1
440058,0
440059,0
440060,0
440061,0
440062,1
440063,0
440064,0
440065,0
440066,0
440067,0
440068,1
440069,1
440070,1
440071,0
440072,1
440073,1
440074,0
440075,0
450033,0
450038,0
450039,1
450040,1
450041,0
450042,0
450043,1
450051,0
450052,1
450053,0
450054,1
450055,1
450056,0
450057,1
450058,0
450059,0
450060,0
450061,1
450062,1
450063,1
450064,0
450065,0
450066,0
450067,0
450068,1
450069,0
450070,0
450071,0
450072,1
450073,1
450074,1
460033,1
460038,0
460039,1
460040,1
460041,0
460042,1
460043,0
460044,1
460045,0
460046,0
460047,0
460048,1
460051,1
460052,1
460053,0
460054,0
460055,0
460056,1
460057,1
460058,0
460059,0
460060,0
460061,0
460062,0
460063,0
460064,0
460065,0
460066,0
460067,0
460068,0
460069,0
460070,1
460071,0
460072,0
460073,0
460074,0
470032,0
470037,1
470038,1
470039,0
470040,1
470041,1
470042,0
470043,1
470044,1
470045,0
470046,0
470047,0
470048,1
470049,1
470050,0
470051,0
470052,0
470053,0
470054,0
470055,1
470056,1
470057,0
470058,1
470059,0
470060,0
470061,1
470062,0
470063,1
470064,0
470065,1
470066,0
470067,1
470068,0
470069,0
470070,0
470071,1
470072,1
470073,1
470074,1
480032,0
480037,1
480038,1
480039,1
480040,1
480041,0
480042,0
480043,0
480044,1
480045,0
480046,0
480047,0
480048,0
480049,0
480050,0
480051,0
480052,0
480053,1
480054,0
480055,0
480056,1
480057,1
480058,0
480059,0
480060,0
480061,0
480062,0
480063,1
480064,1
480065,1
480066,1
480067,1
480068,0
480069,0
480070,0
490031,0
490032,0
490037,0
490038,1
490039,1
490040,0
490041,1
490042,0
490043,0
490044,0
490045,1
490046,0
490047,0
490048,1
490049,0
490050,0
490051,0
490052,0
490053,1
490054,0
490055,1
490056,1
490057,1
490058,1
490059,1
490060,1
490061,0
490062,0
490063,0
490064,1
490065,0
490066,1
490067,1
490068,0
490069,0
490070,0
490073,0
500031,0
500036,1
500037,0
500038,0
500039,0
500040,0
500041,0
500042,0
500043,0
500044,1
500045,0
500046,0
500047,0
500048,1
500049,0
500050,0
500051,0
500052,0
500053,1
500054,0
500055,0
500056,1
500057,1
500058,0
500059,0
500060,1
500061,1
500062,1
500063,1
500064,1
500065,1
500066,1
500067,0
500068,0
500069,0
500070,0
500073,0
500074,0
500075,0
510030,0
510031,0
510036,0
510037,1
510038,0
510039,0
510040,1
510041,0
510042,1
510043,1
510044,0
510045,1
510046,1
510047,1
510048,0
510049,0
510050,0
510051,0
510052,0
510055,0
510056,0
510057,0
510058,1
510059,0
510060,1
510063,1
510064,1
510065,0
510066,1
510067,0
510068,0
510069,0
510070,0
510073,1
510074,1
510075,1
520029,0
520030,0
520032,0
520033,0
520034,1
520035,1
520037,1
520038,0
520039,1
520040,1
520041,1
520042,1
520043,1
520044,0
520045,1
520046,1
520047,1
520048,1
520049,0
520050,0
520056,0
520057,0
520058,1
520059,0
520063,1
520064,0
520065,1
520066,1
520067,0
520068,0
520069,0
520070,0
520073,0
520074,0
520075,0
530028,0
530029,0
530030,0
530031,0
530032,0
530033,1
530034,1
530035,1
530036,0
530037,1
530038,1
530039,0
530040,1
530041,0
530042,0
530043,1
530044,1
530045,1
530046,1
530047,0
530048,0
530049,0
530050,0
530056,0
530057,0
530063,0
530064,0
530065,0
530066,0
530067,0
530068,0
530069,0
530070,0
530073,0
530074,0
530075,0
530076,0
540027,0
540028,1
540029,0
540030,0
540031,0
540032,1
540033,1
540034,1
540035,1
540036,1
540037,1
540038,1
540039,1
540040,0
540041,1
540042,1
540043,1
540044,1
540045,0
540046,1
540047,0
540048,0
540049,1
540056,0
540063,0
540064,0
540065,0
540066,0
540067,0
540068,0
540069,0
540070,0
540073,0
540074,0
540075,0
540076,0
550026,1
550027,0
550028,0
550029,1
550030,0
550031,0
550032,1
550033,1
550034,1
550035,1
550036,1
550037,1
550038,1
550039,1
550040,1
550041,1
550042,1
550043,1
550044,1
550045,0
550046,1
550047,0
550048,0
550049,1
550063,0
550064,0
550065,0
550066,0
550067,0
550068,0
550069,0
550070,0
550073,0
550074,0
550075,0
550076,0
560024,0
560025,0
560026,0
560027,0
560028,0
560029,0
560030,0
560031,1
560032,1
560033,1
560034,1
560035,1
560036,1
560037,1
560038,1
560039,1
560040,1
560041,1
560042,1
560043,1
560044,1
560045,1
560046,0
560047,0
560048,0
560049,0
560062,0
560063,0
560064,0
560065,0
560066,0
560069,0
570023,0
570024,1
570025,1
570026,1
570027,1
570028,0
570029,0
570030,0
570031,1
570032,0
570033,0
570034,0
570035,1
570036,1
570037,0
570038,1
570039,1
570040,1
570041,0
570042,1
570043,1
570044,0
570045,1
570046,0
570047,0
570048,0
570049,0
570061,0
570062,0
570063,0
570064,0
570065,0
570066,0
580023,1
580024,1
580025,0
580026,1
580027,1
580028,1
580029,0
580030,1
580031,1
580032,0
580033,0
580034,0
580035,1
580036,1
580037,1
580038,1
580039,1
580040,0
580041,1
580042,1
580043,1
580044,1
580045,0
580046,0
580047,0
580048,0
580049,1
580060,0
580061,1
580062,0
580063,0
580064,0
580065,0
580066,0
590022,0
590023,1
590024,0
590025,1
590026,0
590027,0
590028,1
590024,1
590025,1
590026,0
590027,1
590028,0
590029,1
590030,0
590031,1
590032,1
590033,1
590034,1
590035,1
590036,1
590037,1
590038,1
590039,1
590040,1
590041,1
590042,1
590043,1
590044,1
590045,0
590046,0
590047,0
590048,0
590049,0
590059,0
590060,1
590061,0
590062,0
590063,0
590064,0
590065,0
590066,0
600021,0
600022,1
600023,1
600024,1
600025,1
600026,1
600027,1
600028,1
600029,1
600030,1
600031,1
600032,1
600033,1
600034,1
600035,1
600036,1
600037,1
600038,1
600039,1
600040,0
600041,1
600042,0
600043,0
600044,1
600045,0
600046,0
600047,1
600048,0
600049,1
600059,0
600060,0
600061,0
600062,0
600063,0
600064,0
600065,0
600066,0
600067,0
610021,1
610022,1
610023,1
610024,1
610025,0
610026,1
610027,1
610028,1
610029,1
610030,0
610031,0
610032,0
610033,1
610034,1
610035,1
610036,1
610037,1
610038,1
610039,1
610040,1
610041,1
610042,1
610043,0
610044,1
610045,0
610046,0
610047,1
610048,1
610049,1
610050,1
610056,0
610059,0
610060,0
610061,0
610062,0
610063,0
610064,0
610065,0
610066,0
610067,0
620021,1
620022,1
620023,1
620024,1
620025,1
620026,1
620027,1
620028,1
620029,1
620030,0
620031,1
620032,1
620033,1
620034,1
620035,1
620036,1
620037,1
620038,1
620039,0
620040,1
620041,1
620042,0
620043,0
620044,1
620045,1
620046,1
620047,0
620048,0
620049,0
620050,1
620051,0
620052,0
620053,0
620054,0
620055,0
620056,0
620057,0
620058,0
620059,0
620060,0
620061,0
620062,0
620063,0
620064,0
620065,0
620066,0
620067,0
630020,1
630021,1
630022,1
630023,1
630024,1
630025,1
630026,1
630027,1
630028,1
630029,1
630030,1
630031,1
630032,1
630033,0
630034,1
630035,1
630036,1
630037,1
630038,1
630039,1
630040,1
630041,1
630042,1
630043,0
630044,1
630045,1
630046,1
630047,0
630048,0
630049,0
630050,0
630051,1
630052,0
630053,0
630054,0
630055,0
630056,1
630057,1
630058,1
630059,1
630060,0
630061,0
630062,0
630063,0
630064,0
630065,0
630066,0
630067,0
640020,0
640021,1
640022,1
640023,1
640024,1
640025,1
640026,1
640027,1
640028,1
640029,1
640030,1
640031,1
640032,1
640033,0
640034,1
640035,1
640036,1
640037,1
640038,1
640039,0
640040,1
640041,1
640042,0
640043,1
640044,1
640045,1
640046,0
640047,0
640048,0
640049,0
640050,0
640051,1
640052,1
640053,0
640054,0
640055,1
640056,0
640057,0
640058,1
640059,1
640060,0
640061,1
640062,1
640063,0
640064,1
640065,0
640066,0
640067,0
650020,0
650021,1
650022,1
650023,1
650024,1
650025,1
650026,1
650027,1
650028,1
650029,1
650030,1
650031,0
650032,1
650033,1
650034,1
650035,1
650036,1
650037,0
650038,1
650039,1
650040,1
650041,1
650042,0
650043,1
650044,0
650045,1
650046,0
650047,0
650048,0
650049,0
650050,0
650051,1
650052,1
650053,0
650054,1
650055,0
650056,0
650057,0
650058,0
650059,0
650060,1
650061,1
650062,1
650063,1
650064,0
650065,0
650066,0
650067,0
660020,0
660021,1
660022,1
660023,1
660024,1
660025,1
660026,1
660027,1
660028,1
660029,1
660030,1
660031,1
660032,0
660033,1
660034,0
660035,1
660036,1
660037,0
660038,1
660039,0
660040,0
660041,0
660042,0
660043,1
660044,1
660045,0
660046,0
660047,0
660048,0
660049,0
660050,0
660051,1
660052,1
660053,0
660054,0
660055,1
660056,0
660057,0
660058,0
660059,0
660060,0
660061,0
660062,0
660063,1
660064,0
660065,0
660066,0
660067,1
670020,0
670021,0
670022,1
670023,1
670024,1
670025,1
670026,1
670027,1
670028,1
670029,1
670030,1
670031,1
670032,0
670033,1
670034,1
670035,1
670036,1
670037,1
670038,1
670039,1
670040,1
670041,1
670042,1
670043,1
670044,0
670045,0
670046,0
670047,0
670048,0
670049,0
670050,1
670051,1
670052,1
670053,0
670054,1
670055,1
670056,0
670057,1
670058,1
670059,1
670060,0
670061,0
670062,0
670063,1
670064,0
670065,0
670066,0
670067,0
680020,0
680021,0
680022,0
680023,1
680024,1
680025,1
680026,1
680027,1
680028,1
680029,1
680030,1
680031,0
680032,0
680033,1
680034,1
680035,1
680036,1
680037,1
680038,1
680039,1
680040,1
680041,1
680042,1
680043,1
680044,0
680045,1
680046,0
680047,0
680048,0
680049,0
680050,0
680051,1
680052,0
680053,0
680054,0
680055,0
680056,0
680057,1
680058,0
680059,0
680060,0
680061,0
680062,0
680063,0
680064,0
680065,0
680066,0
680067,1
690020,0
690021,1
690022,0
690023,0
690024,1
690025,1
690026,0
690027,1
690028,1
690029,1
690030,1
690031,1
690032,1
690033,1
690034,1
690035,1
690036,1
690037,0
690038,1
690039,0
690040,1
690041,1
690042,1
690043,1
690044,0
690045,0
690046,0
690047,0
690048,0
690049,0
690050,0
690051,0
690052,0
690053,0
690054,0
690055,0
690056,0
690057,0
690058,0
690059,0
690060,0
690061,0
690062,0
690063,1
690064,1
690065,0
690066,0
690067,1
700020,0
700021,0
700022,0
700023,1
700024,0
700025,1
700026,1
700027,1
700028,1
700029,1
700030,1
700031,1
700032,1
700033,1
700034,1
700035,1
700036,1
700037,0
700038,1
700039,0
700040,1
700041,1
700042,1
700043,0
700044,0
700045,0
700046,0
700047,0
700048,1
700049,0
700050,0
700051,0
700052,0
700053,0
700054,0
700055,0
700056,0
700057,0
700058,0
700059,0
700060,0
700061,0
700062,0
700063,0
700064,0
700065,0
700066,0
700067,0
710020,0
710021,0
710022,0
710023,0
710024,1
710025,1
710026,1
710027,1
710028,1
710029,1
710030,1
710031,0
710032,1
710033,1
710034,1
710035,0
710036,1
710037,0
710038,0
710039,0
710040,0
710041,0
710042,0
710043,1
710044,0
710045,0
710046,0
710047,0
710048,0
710049,0
710050,0
710051,0
710052,0
710053,0
710054,0
710055,0
710056,0
710057,0
710058,0
710059,0
710060,0
710061,0
710062,0
710063,0
710064,1
710065,0
710066,0
710067,0
710070,0
710071,0
710072,0
710073,0
720021,0
720022,0
720023,1
720024,1
720025,1
720026,1
720027,0
720028,1
720029,1
720030,1
720031,1
720032,1
720033,0
720034,1
720035,0
720036,1
720037,1
720038,1
720039,0
720040,0
720041,1
720042,0
720043,1
720044,0
720045,0
720046,0
720047,0
720048,0
720049,0
720050,0
720051,0
720052,0
720053,0
720054,0
720055,0
720056,0
720057,0
720058,0
720059,0
720060,0
720061,0
720062,0
720063,0
720064,0
720065,0
720066,0
720067,0
720070,0
720071,0
720072,0
720073,0
730021,0
730022,0
730023,0
730024,0
730025,1
730026,1
730027,1
730028,0
730029,1
730030,1
730031,1
730032,1
730033,1
730034,1
730035,1
730036,1
730037,1
730038,1
730039,1
730040,1
730041,1
730042,0
730043,0
730044,0
730045,1
730046,1
730047,0
730048,0
730049,1
730050,0
730051,0
730052,0
730053,0
730054,0
730055,0
730056,0
730057,0
730058,0
730059,0
730060,0
730061,0
730062,0
730063,0
730064,0
730065,0
730066,0
730067,0
730069,0
730070,0
730071,1
730072,0
730073,0
730074,1
740022,0
740023,1
740024,1
740025,1
740026,0
740027,0
740028,0
740029,1
740030,1
740031,1
740032,1
740033,1
740034,1
740035,1
740036,0
740037,1
740038,1
740039,1
740040,1
740041,1
740042,1
740043,1
740044,1
740045,0
740046,0
740047,0
740048,0
740049,1
740050,1
740051,0
740052,0
740053,0
740054,0
740055,0
740056,0
740057,0
740058,0
740059,0
740060,0
740061,0
740062,0
740063,0
740064,0
740065,0
740066,0
740067,1
740068,1
740070,0
740071,0
740072,0
740073,0
740074,0
750022,0
750023,0
750024,0
750025,1
750026,0
750027,0
750028,1
750029,1
750030,0
750031,1
750032,1
750033,1
750034,1
750035,0
750036,0
750037,0
750038,0
750039,1
750040,1
750041,0
750042,0
750043,1
750044,0
750045,1
750046,1
750047,1
750048,0
750049,0
750050,0
750051,0
750052,0
750053,0
750054,0
750055,0
750056,0
750057,0
750058,0
750059,0
750060,0
750061,0
750062,0
750063,0
750064,0
750065,0
750066,0
750067,0
750068,0
750069,0
750070,0
750071,0
750072,0
750073,0
750074,0
760023,0
760024,0
760025,0
760026,0
760027,0
760028,0
760029,1
760030,0
760031,0
760032,0
760033,0
760034,0
760035,0
760036,0
760037,0
760038,1
760039,1
760040,0
760041,0
760042,1
760043,1
760044,0
760045,1
760046,0
760047,0
760048,1
760049,1
760050,1
760051,1
760052,1
760053,0
760054,0
760055,0
760056,0
760057,0
760058,0
760059,0
760060,0
760061,0
760062,0
760063,0
760064,0
760065,0
760066,0
760067,1
760068,1
760069,1
760070,0
760071,0
760072,0
770023,0
770024,0
770025,0
770026,0
770027,0
770028,0
770029,0
770030,0
770031,0
770032,0
770033,0
770034,0
770035,0
770036,0
770037,0
770038,0
770039,1
770040,0
770041,0
770042,0
770043,0
770044,1
770045,0
770046,1
770047,1
770048,1
770049,1
770050,1
770051,1
770052,1
770053,1
770054,1
770055,1
770056,0
770057,0
770058,0
770059,0
770060,0
770061,0
770062,0
770063,0
770064,0
770065,0
770066,0
770067,1
770068,1
770069,0
770070,0
770071,0
770072,0
780023,0
780024,0
780025,0
780026,0
780027,0
780028,0
780029,0
780030,0
780031,0
780032,1
780033,1
780034,1
780035,1
780036,0
780037,0
780038,0
780039,0
780040,0
780041,0
780042,0
780043,0
780044,0
780045,0
780046,0
780047,1
780048,1
780049,1
780050,0
780051,0
780052,0
780053,0
780054,1
780055,0
780056,1
780057,0
780058,1
780059,1
780060,0
780061,0
780062,0
780063,0
780064,0
780065,0
780066,1
780067,1
780068,1
780069,1
780070,0
780071,0
790023,0
790024,0
790025,0
790026,0
790027,0
790028,0
790029,0
790030,0
790031,1
790032,0
790033,0
790034,1
790035,0
790036,0
790037,0
790038,0
790039,0
790040,0
790041,0
790042,0
790043,0
790044,0
790045,0
790046,0
790047,0
790048,1
790049,1
790050,0
790051,0
790052,1
790053,0
790054,1
790055,0
790056,1
790057,0
790058,1
790059,0
790060,0
790061,1
790062,1
790063,1
790064,0
790065,1
790066,1
790067,1
790068,1
790069,1
790070,1
790071,0
800023,0
800024,1
800025,1
800026,0
800027,0
800028,0
800029,0
800030,0
800031,0
800032,0
800033,1
800034,1
800035,1
800036,0
800037,0
800038,0
800039,1
800040,1
800041,0
800042,0
800043,0
800044,0
800045,0
800046,0
800047,1
800048,1
800049,1
800050,1
800051,1
800052,1
800053,1
800054,1
800055,0
800056,0
800057,0
800058,0
800059,0
800060,0
800061,0
800062,0
800063,1
800064,0
800065,1
800066,1
800067,1
800068,1
800069,1
800070,0
800071,0
810023,1
810024,0
810025,1
810026,0
810027,0
810028,1
810029,1
810030,0
810031,0
810032,0
810033,0
810034,1
810035,1
810036,0
810037,0
810038,1
810039,1
810040,1
810041,1
810042,0
810043,0
810044,0
810045,0
810046,1
810047,1
810048,1
810049,0
810050,0
810051,1
810052,1
810053,1
810054,0
810055,0
810056,0
810057,0
810058,0
810059,0
810060,0
810061,0
810062,0
810063,0
810064,1
810065,1
810066,0
810067,0
810068,0
810069,0
810070,0
810071,0
820023,1
820024,1
820025,1
820026,1
820027,1
820028,1
820029,0
820030,0
820031,0
820032,0
820033,1
820034,1
820035,1
820036,0
820037,0
820038,1
820039,0
820040,0
820041,1
820042,1
820043,0
820044,1
820045,1
820046,0
820047,0
820048,0
820049,1
820050,0
820051,1
820052,1
820053,0
820054,0
820055,0
820056,0
820057,0
820058,0
820059,0
820060,0
820061,0
820062,0
820063,0
820064,0
820065,0
820066,0
820067,0
820068,0
820069,1
820070,1
820071,0
830022,0
830023,1
830024,1
830025,1
830026,1
830027,0
830028,0
830029,0
830030,0
830031,0
830032,0
830033,0
830034,1
830035,0
830036,1
830037,0
830038,1
830039,0
830040,0
830041,0
830042,1
830043,0
830044,0
830045,0
830046,0
830047,1
830048,0
830049,0
830050,0
830051,0
830052,0
830053,1
830054,0
830055,0
830056,0
830057,1
830058,0
830059,0
830060,0
830061,0
830062,0
830063,0
830064,0
830065,0
830066,0
830067,0
830068,1
830069,1
830070,0
830071,1
840021,0
840022,0
840023,0
840024,0
840025,1
840026,0
840027,1
840028,1
840029,1
840030,0
840031,0
840032,0
840033,0
840034,1
840035,0
840036,1
840037,0
840038,1
840039,0
840040,0
840041,1
840042,1
840043,0
840044,0
840045,0
840046,0
840047,0
840048,0
840049,0
840050,0
840051,0
840052,0
840053,0
840054,1
840055,0
840056,0
840057,0
840058,0
840059,0
840060,0
840061,0
840062,0
840063,0
840064,0
840065,0
840066,0
840067,0
840068,1
850020,0
850021,0
850022,1
850023,0
850024,0
850025,1
850026,1
850027,1
850028,1
850029,1
850030,0
850031,0
850032,0
850033,0
850034,1
850035,1
850036,1
850037,0
850038,0
850039,1
850040,0
850041,0
850042,1
850043,0
850044,0
850045,0
850046,0
850047,1
850048,0
850049,0
850050,0
850051,0
850052,0
850053,0
850054,0
850055,0
850056,0
850057,0
850058,0
850059,0
850060,0
850061,0
850062,0
850063,0
850064,0
850065,0
850066,0
850067,1
850068,0
860019,0
860020,0
860021,0
860022,0
860023,0
860024,0
860025,1
860026,1
860027,1
860028,1
860029,1
860030,0
860031,0
860032,0
860033,0
860034,1
860035,0
860036,1
860037,0
860038,0
860039,0
860040,0
860041,0
860042,1
860043,1
860044,0
860045,1
860046,0
860047,1
860048,1
860049,0
860050,0
860051,0
860052,0
860053,0
860054,0
860055,0
860056,0
860057,1
860058,1
860059,0
860060,1
860061,1
860062,0
860063,0
860064,0
860065,0
860066,0
860067,1
860068,1
870018,1
870019,0
870020,0
870021,0
870022,0
870023,1
870024,1
870025,0
870026,1
870027,1
870028,1
870029,1
870030,0
870031,0
870032,0
870033,1
870034,0
870035,1
870036,0
870037,1
870038,0
870039,0
870040,0
870041,0
870042,0
870043,1
870044,0
870045,1
870046,0
870047,0
870048,0
870049,0
870050,0
870051,0
870052,0
870053,0
870054,0
870055,0
870056,0
870057,0
870058,1
870059,0
870060,1
870061,1
870062,0
870063,0
870064,0
870065,0
870066,0
870067,1
870068,1
880017,0
880018,1
880019,0
880020,0
880021,1
880022,1
880023,1
880024,1
880025,1
880026,1
880027,1
880028,1
880029,1
880030,0
880031,0
880032,1
880033,0
880034,0
880035,1
880036,0
880037,1
880038,1
880039,0
880040,0
880041,0
880042,0
880043,0
880044,0
880045,1
880046,1
880047,0
880048,1
880049,1
880050,0
880051,0
880052,0
880053,0
880054,0
880055,0
880056,0
880057,0
880058,0
880059,0
880060,1
880061,0
880062,1
880063,1
880064,0
880065,1
880066,0
880067,0
880068,0
880069,0
890016,0
890017,0
890018,1
890019,0
890020,0
890021,0
890022,1
890023,1
890024,0
890025,1
890026,1
890027,1
890028,1
890029,1
890030,0
890031,0
890032,0
890033,0
890034,1
890035,0
890036,0
890037,1
890038,1
890039,0
890040,0
890041,0
890042,0
890043,0
890044,0
890045,0
890046,0
890047,1
890048,0
890049,0
890050,0
890051,0
890052,0
890053,0
890054,0
890055,0
890056,0
890057,0
890058,0
890059,0
890060,1
890061,1
890062,1
890063,1
890064,1
890065,1
890066,0
890067,0
890068,0
890069,0
900016,1
900017,0
900018,1
900019,1
900020,0
900021,0
900022,0
900023,0
900024,0
900025,1
900026,1
900027,1
900028,1
900029,1
900030,0
900031,0
900032,0
900033,0
900034,0
900035,1
900036,0
900037,0
900038,1
900039,0
900040,0
900041,0
900042,0
900043,1
900044,1
900045,0
900046,0
900047,0
900048,1
900049,0
900050,0
900051,0
900052,0
900053,0
900054,0
900055,0
900056,0
900057,0
900058,0
900059,0
900060,0
900061,0
900062,1
900063,1
900064,1
900065,0
900066,0
900067,0
900068,0
900069,0
900070,0
910015,0
910016,0
910017,0
910018,0
910019,1
910020,0
910021,0
910022,0
910023,0
910024,0
910025,1
910026,1
910027,1
910028,1
910029,1
910030,1
910031,0
910032,1
910033,0
910034,1
910035,1
910036,0
910037,0
910038,1
910039,0
910040,0
910041,1
910042,0
910043,1
910044,0
910045,0
910046,0
910047,0
910048,0
910049,0
910050,0
910051,0
910052,0
910053,0
910054,0
910055,0
910056,0
910057,0
910058,0
910059,1
910061,0
910062,1
910063,1
910064,1
910065,0
910066,0
910067,0
910068,0
910069,0
920015,0
920016,0
920017,0
920018,0
920019,0
920020,0
920021,0
920022,0
920023,0
920024,0
920025,0
920026,0
920027,1
920028,1
920029,1
920030,1
920031,1
920032,1
920033,1
920034,1
920035,0
920036,0
920037,1
920038,1
920039,1
920040,0
920041,1
920042,1
920043,1
920044,0
920045,0
920046,0
920047,1
920048,1
920049,0
920050,0
920051,0
920052,0
920053,0
920054,0
920055,0
920056,0
920057,0
920058,0
920060,0
920061,0
920062,1
920063,0
920064,0
920065,1
920066,1
920067,0
920068,0
920069,1
930015,0
930016,0
930017,0
930018,0
930019,0
930020,0
930021,1
930022,0
930023,0
930024,0
930025,1
930026,1
930027,1
930028,1
930029,1
930030,1
930031,1
930032,1
930033,1
930034,1
930035,0
930036,1
930037,0
930038,0
930039,1
930040,1
930041,0
930042,1
930043,1
930044,0
930045,0
930046,0
930047,1
930048,1
930049,0
930050,0
930051,0
930052,0
930053,0
930054,0
930055,0
930056,0
930060,0
930061,0
930062,1
930063,0
930064,0
930065,1
930066,1
930067,0
930068,1
930069,1
940014,0
940015,0
940016,0
940017,0
940018,0
940019,0
940020,0
940021,0
940024,0
940025,1
940026,1
940027,0
940028,0
940029,1
940030,1
940031,1
940032,1
940033,0
940034,0
940035,0
940036,0
940037,0
940038,0
940039,0
940040,1
940041,1
940042,1
940043,0
940044,0
940045,0
940046,1
940047,1
940048,1
940049,0
940050,0
940051,0
940052,0
940053,0
940054,0
940055,0
940056,0
940060,0
940061,0
940062,1
940063,0
940064,0
940065,0
940066,0
940067,1
950014,0
950015,0
950016,0
950017,0
950024,0
950025,1
950026,0
950027,1
950028,1
950029,1
950030,1
950031,1
950032,1
950033,1
950034,0
950035,0
950036,0
950037,0
950038,0
950039,0
950040,1
950041,1
950042,1
950043,1
950044,1
950045,0
950046,0
950047,1
950048,0
950049,0
950050,0
950051,0
950052,0
950053,0
950054,0
950055,0
950056,0
950067,0
960014,0
960015,1
960016,0
960017,0
960024,0
960025,1
960026,1
960027,1
960028,1
960029,1
960030,1
960031,0
960032,1
960033,0
960034,0
960035,0
960036,
960037,0
960038,0
960039,0
960040,0
960041,1
960042,1
960043,1
960044,0
960045,0
960046,0
960047,1
960048,0
960049,0
960050,0
960051,0
970014,1
970015,0
970016,0
970024,0
970025,0
970026,1
970027,0
970028,1
970029,1
970030,0
970031,0
970032,0
970033,0
970034,0
970035,0
970036,1
970037,1
970038,0
970039,0
970040,0
970041,1
970042,0
970043,0
970044,0
970045,1
970046,1
970047,0
970048,0
970049,0
970050,0
970051,0
980014,0
980015,0
980024,0
980025,1
980026,1
980027,0
980028,1
980029,1
980030,0
980031,0
980032,0
980033,0
980034,0
980035,0
980036,1
980037,1
980038,0
980039,0
980040,0
980041,1
980042,0
980043,0
980044,0
980045,1
980046,1
980047,0
980048,0
980049,0
980050,0
980051,0
990013,0
990014,0
990015,0
990023,0
990024,0
990025,0
990026,1
990027,0
990028,1
990029,1
990030,0
990031,0
990032,0
990033,0
990034,0
990035,0
990036,1
990037,1
990038,0
990039,0
990040,0
990041,1
990042,1
990043,1
990044,1
990045,1
990046,0
990047,0
990048,0
990049,0
990050,0
990051,0
1000013,0
1000014,0
1000015,0
1000021,0
1000022,0
1000023,0
1000025,0
1000026,0
1000027,1
1000028,0
1000029,1
1000030,1
1000031,0
1000032,0
1000033,0
1000034,0
1000035,0
1000036,1
1000037,1
1000038,0
1000039,0
1000040,0
1000041,1
1000042,1
1000043,1
1000044,0
1000045,1
1000046,0
1000047,1
1000048,0
1000049,0
1000050,0
1000051,0
1010013,0
1010014,0
1010021,0
1010022,0
1010023,0
1010025,0
1010026,0
1010027,1
1010028,1
1010029,0
1010030,0
1010031,0
1010032,0
1010033,1
1010034,0
1010035,1
1010036,1
1010037,0
1010038,0
1010039,0
1010040,0
1010041,0
1010042,0
1010043,0
1010044,1
1010045,0
1010046,0
1010047,0
1010048,0
1010049,0
1010050,0
1010051,0
1020012,0
1020013,0
1020014,0
1020025,0
1020026,1
1020027,1
1020028,0
1020029,0
1020030,1
1020031,1
1020032,0
1020033,0
1020034,0
1020035,1
1020036,0
1020037,0
1020038,1
1020039,0
1020040,1
1020041,0
1020042,0
1020043,1
1020044,1
1020045,1
1020046,0
1020047,0
1020048,0
1020049,1
1020050,0
1030012,0
1030013,0
1030025,0
1030026,0
1030027,1
1030028,1
1030029,0
1030030,1
1030031,1
1030032,1
1030033,1
1030034,1
1030035,1
1030036,1
1030037,1
1030038,1
1030039,1
1030040,1
1030041,1
1030042,0
1030043,0
1030044,1
1030045,1
1030046,1
1030047,0
1030048,0
1030049,1
1030050,1
1040012,0
1040013,0
1040014,0
1040025,0
1040026,0
1040027,0
1040028,0
1040029,0
1040030,0
1040031,0
1040032,1
1040033,1
1040034,1
1040035,1
1040036,0
1040037,0
1040038,1
1040039,0
1040040,1
1040041,0
1040042,0
1040043,0
1040044,1
1040045,1
1040046,1
1040047,1
1040048,1
1040049,1
1040050,1
1050011,0
1050012,0
1050013,0
1050014,0
1050025,0
1050026,0
1050027,0
1050028,0
1050029,0
1050030,0
1050031,0
1050032,0
1050033,0
1050034,1
1050035,1
1050036,1
1050037,1
1050038,0
1050039,1
1050040,1
1050041,1
1050042,0
1050043,0
1050044,1
1050045,0
1050046,1
1060011,0
1060012,0
1060013,0
1060014,0
1060025,0
1060026,0
1060027,0
1060028,0
1060029,0
1060031,0
1060032,1
1060035,1
1060036,1
1060037,1
1060038,0
1060039,0
1060040,1
1060041,1
1060042,0
1060043,0
1060044,0
1060045,0
1060046,1
1070011,0
1070012,1
1070013,0
1070028,0
1070029,0
1070030,0
1070035,0
1070036,1
1070037,1
1070038,0
1070039,0
1070040,0
1070041,1
1070042,0
1070043,0
1070044,0
1080011,0
1080012,1
1080013,0
1080030,0
1080036,1
1080037,1
1080038,1
1080039,1
1080040,1
1080041,1
1080042,1
1080043,0
1080044,1
1090011,0
1090012,0
1090013,0
1090030,1
1090036,0
1090037,0
1090038,0
1090039,1
1090040,1
1090041,1
1090042,1
1090043,1
1090044,1
1100011,0
1100012,0
1100013,0
1100036,0
1100037,0
1100038,0
1100039,1
1100040,1
1100041,1
1100042,0
1100043,0
1100044,0
1110011,0
1110012,0
1110013,0
1110014,0
1110015,0
1110038,0
1110039,0
1110040,1
1110041,1
1110042,1
1110043,1
1110044,0
1120011,0
1120012,0
1120013,0
1120014,0
1120039,0
1120041,1
1120042,1
1120043,1
1120044,1
1130012,0
1130013,0
1130041,1
1130042,1
1130043,1
1140012,0
1140013,1
1150012,0
1150013,0
1160013,0
1170013,0
1170014,0
1180014,0
1180015,0
1180016,0
1190014,0
1190015,0
1190016,0
1190017,0
1200015,0
1200016,0
1200017,0
1200018,0
1210016,0
1210017,0
1210018,0
1220017,1
1220018,0
1220019,0
1230018,0
1230019,0
1230020,0
1240018,0
1240019,0
1240020,0
1250019,0
1250020,0
1260020,0
1260021,0
1270020,0
1270021,0
1280021,0
1290021,0
1290022,0
1300022,0
1310022,0
1320022,0
1330022,0
1340022,0
1350022,0
1350023,0
1360022,0
1360023,0
1370022,0
1370023,0
1380023,0
1380024,0
1380027,0
1380028,0
1390023,0
1390024,0
1390025,0
1390026,1
1390027,0
1390028,0
1390029,0
1400023,0
1400024,0
1400025,0
1400026,1
1400027,0
1400028,0
1410024,0
1410025,0
1410026,0
1410027,0
1410028,0
1410029,0
1420025,0
1420026,0
1420027,0
1420028,0
1420029,0
1420030,0
1420031,0
1420032,0
1430026,0
1430027,0
1430028,0
1430029,0
1430030,0
1430031,0
1430032,0
1440027,0
1440028,0
1440029,0
1440030,0
1440031,0
1440032,0
1450028,0
1450029,0
1450030,0
1450031,0
1450032,0
1450033,0
1460029,0
1460030,0
1460031,0
1460032,0
1460033,0
1460034,0
1470030,0
1470031,0
1470032,0
1470033,0
1470034,0
1470035,0
1480032,0
1480033,0
1480034,0
1480035,0
1480036,0
1490033,0
1490034,0
1490035,1
1490036,0
1490037,0
1500034,0
1500035,0
1500036,0
1500037,0
1510035,0
1510036,0
1520036,0
