"Cell_ID","Residuals"
20012,-0.166507159601738
20013,0
20015,-0.140222670522381
20016,0.0218918638011256
20019,0
20020,0
20021,0
20022,0
30012,0.0233149357915935
30013,0.0166295185667568
30014,0.0405746185745371
30015,-0.225909700443066
30016,-0.0355827035453114
30017,0.00344372234120451
30018,0.126354807323937
30019,0.0611568687185107
30020,0.0337782921326621
30021,-0.0312048823016242
30022,0.000455866387013645
30046,-0.173825561900112
40013,-0.133906175718033
40014,-0.0821200554413463
40015,-0.0652977796431277
40016,-0.368199236006884
40017,-0.15486707948934
40018,0.0424953631709925
40019,0.0207984867168599
40020,-0.0544943218512451
40021,-0.0888495927069243
40022,-0.144327848065398
40023,0.011788718553126
40024,0
40046,-0.183372970878633
50014,-0.124794905879709
50015,-0.210842963639829
50016,-0.168570695945883
50017,-0.187392569035013
50018,0.0623933974667387
50019,0.0327606590300595
50020,-0.103909622112495
50021,-0.214325169192333
50022,0.0578161937489412
50023,0.211255501692119
50024,0
50046,-0.341368266213223
50047,-0.112669735143844
50048,-0.139978325276417
50049,-0.0208844702393414
50050,0.0384477480734272
60014,-0.174509444768344
60015,-0.159903156711096
60016,-0.313508309572701
60017,-0.327195621251112
60018,-0.156930787658926
60019,-0.101791535928926
60020,-0.216608505690857
60021,-0.0729347482637946
60022,0.0403170705568902
60023,0.0165011913937617
60024,0
60046,-0.210191043205413
60047,-0.321879871014754
60048,-0.181283245264393
60049,0.18021095984662
60050,-0.0143492564661727
70013,-0.103457282940943
70014,-0.128840485265711
70015,0
70016,-0.152716893672209
70017,-0.471580376294876
70018,-0.274687912142433
70019,-0.345395370143169
70020,-0.242316534830095
70021,-0.347815398141875
70022,0.0567455757510391
70023,0
70024,0
70025,0
70045,-0.106664452563802
70046,-0.0855013475675455
70047,-0.12587719611293
70048,-0.0553080179162488
70049,-0.0623834658888025
70050,-0.108180747412315
80013,0
80014,-0.135379099565271
80015,-0.179423448080691
80016,-0.183005814053991
80017,-0.0731220551512568
80018,-0.0416132200740486
80019,-0.443773720301436
80020,-0.38722316331302
80021,-0.188333934222849
80022,-0.119572721077716
80023,-0.187692156738988
80024,0
80025,-0.0686741729628914
80026,0
80045,-0.242553687682945
80046,-0.0970933775219832
80047,-0.154532621949614
80048,-0.284007089317145
80049,-0.64982143918588
80050,-0.316191820877281
80051,-0.209387328791916
80052,-0.1177067380541
90013,-0.0291113630238116
90014,-0.152367068417448
90015,-0.0993081653625204
90016,-0.0596477634375758
90017,0.169033144335766
90018,0.0141925641416434
90019,-0.274756734041636
90020,-0.775999860294726
90021,-0.887485252505795
90022,-0.0528693939448465
90023,-0.0566985510971294
90024,-0.059763606445947
90025,-0.104644183603005
90026,0
90045,-0.154390388678769
90046,-0.151773431178816
90047,-0.226859322386158
90048,-0.167629656244175
90049,-0.303693015286528
90050,-0.334684585852497
90051,-0.321527289015007
90052,-0.237784155264162
100014,-0.0143394799949457
100015,-0.0566862392765827
100016,-0.045307557150256
100017,0.00699050744368118
100018,-0.0153113293943922
100019,-0.39594474701449
100020,-0.0852011162889197
100021,0.126794148391375
100022,0.0505762373458098
100023,0.0650443572703587
100024,-0.0309000680782842
100025,0
100026,0
100045,-0.206718830043133
100046,-0.198209906181952
100047,-0.215196308682177
100048,-0.612588535248247
100049,-0.408381194924958
100050,-0.201753457565069
100051,-0.225098829483257
100052,-0.77880337460118
110014,-0.0623717201506974
110015,-0.0483239070406682
110016,0.00889702672316374
110017,0.179338789177867
110018,-0.0211605919943305
110019,-0.0608091398722657
110020,-0.108555286815955
110021,0.0237962171489194
110022,0.00283704666743396
110023,0
110024,-0.072425301099533
110025,-0.153149802923097
110045,-0.19662166862219
110046,-0.391022011779042
110047,-0.311491708035683
110048,-0.420678743557475
110049,-0.279528510029938
110050,-0.554031186842881
110051,-0.346834732895885
110052,-0.585312372200937
120014,-0.0682258762278342
120015,-0.0767461861459184
120016,-0.0859969215918242
120017,-0.0972504905121224
120018,0.00699514682758753
120019,-0.0794904027836128
120020,-0.17861161952363
120021,-0.0982341951386595
120022,0
120023,0
120024,0
120045,-0.195338856450682
120046,-0.325685335100495
120047,-0.298646267850166
120048,-0.1436511637528
120049,0.349354103452838
120050,0.169005365568107
120051,0.126953826184231
120052,-0.105743521528128
130015,-0.146782955941136
130016,0.00807144004250944
130017,0
130018,-0.0854340820680384
130019,-0.143334706432674
130020,0
130021,0
130023,0
130024,0
130033,0
130045,-0.20839185756385
130046,-0.293001708119318
130047,-0.180493002471613
130048,-0.041776600546822
130049,0.453404255650167
130050,0.204818520819989
130051,0.146525872094134
130052,-0.12515785022761
140014,0
140015,0
140016,0
140017,0
140018,0
140019,0
140024,0
140025,0
140030,0
140031,0
140032,0
140033,0
140034,0
140035,0
140036,0
140045,-0.18428167605899
140046,-0.246879201797086
140047,-0.26881660944694
140048,-0.149731065606234
140049,0.316316143818079
140050,0.19108852629829
140051,0.107179921211493
140052,-0.156147636680113
150014,0
150017,0
150018,0
150024,0
150026,0
150028,0
150029,0
150030,0
150031,0
150032,0
150033,0
150034,0
150035,0
150036,0
150037,0
150038,0
150045,0.205038201277822
150046,-0.0527505253972727
150047,-0.135469022735065
150048,-0.157796316818053
150049,-0.138454375845337
150050,-0.233473114186865
150051,-0.323548140085721
150052,-0.179284411233476
150055,0.017030160894852
150056,0.0374070802684433
150061,-0.165232170562848
160017,0
160018,0
160026,0
160027,0
160028,0
160029,0
160030,0
160031,0
160032,0
160033,0
160034,0
160035,0
160036,0
160037,0
160038,0
160045,1.20301054588984
160046,0.8298731705694
160047,-0.0841199791140645
160048,-0.269574837988386
160049,-0.378201078946585
160050,-1.72690244127104
160051,-0.448634570743429
160052,-0.250117387842279
160053,0
160056,0.037328955825162
160057,-0.0639705880857259
160060,-0.0576468948122896
160061,-0.232771664528725
170008,0
170009,0
170017,0
170018,0
170026,0
170027,0
170028,0
170029,0
170030,0
170031,0
170032,0
170033,0
170034,0
170035,0
170036,0
170037,0
170038,0
170039,0
170040,0
170041,-0.0644195864100719
170042,-0.144659968783248
170043,0.146863531845235
170044,1.06061669666425
170045,1.81697554537343
170046,1.45826707810788
170047,0.135513541241963
170048,-0.216723564023824
170049,-0.204300654025661
170050,-0.214839462467963
170051,-0.11502181888726
170052,0.00233000516697904
170053,-0.11864057582833
170056,0.0118130227924902
170057,0.00770359729736712
170059,-0.0509239105835581
170060,-0.0839795981074092
170061,-0.310872589073488
180007,0
180008,0
180009,0
180010,0
180016,0
180017,0
180018,0
180022,0
180026,0
180027,0
180028,0
180029,0
180030,0
180031,0
180032,0
180033,-0.190225906538658
180034,0
180035,-0.140893465364813
180036,-0.1392762634947
180037,0
180038,0
180039,0
180040,0
180041,0
180042,-0.0941376438772447
180043,0.131430966409343
180044,0.252786328982127
180045,0.714327504807508
180046,0.269753859160829
180047,-0.175634036149835
180048,-0.0690225939175089
180049,0.0421952795793862
180050,-0.163638342099274
180051,0.00108972751648432
180052,-0.14888097552751
180053,-0.0956397207054873
180056,-0.0415946068031586
180057,0.0225967453651347
180058,-0.179825984780673
180059,-0.0527951105844166
180060,-0.155562105481105
180061,-0.160626310099794
190006,0
190007,0
190008,0
190009,0
190010,0
190011,0
190016,0
190017,0
190018,0
190019,0
190021,0
190022,0
190023,0
190025,0
190026,0
190027,0
190028,0
190029,0
190030,-0.186729967381414
190031,0
190032,0
190033,-0.151164474899158
190034,0
190035,-0.223075086855187
190036,0
190037,0
190038,0
190039,0
190040,0
190041,-0.102184401690506
190042,-0.0131771078135722
190043,0.0177339227997863
190044,-0.0268406240850973
190045,0.0244661013331283
190046,-0.25532655294021
190047,-0.202099586642927
190048,0.000381736413948045
190049,-0.149616463127695
190050,-0.198672660339303
190051,-0.106707003857534
190052,-0.0826848770045541
190053,-0.177374348179541
190056,0.0230437733331401
190057,0.0285055241608072
190058,-0.139878339990892
190059,-0.0157050888711482
190060,-0.241207931793159
190061,-0.240765009494327
190062,-0.224480199992322
200005,0
200006,0
200007,0
200008,0
200009,0
200010,0
200011,0
200012,0
200013,0
200014,0
200015,0
200016,0
200017,0
200018,0
200019,0
200020,0
200021,0
200022,0
200023,0
200024,0
200025,0
200026,0
200027,0
200028,0
200029,0
200030,-0.109809920353161
200031,-0.240737904171789
200032,-0.341578441819374
200033,-0.137457703400887
200034,-0.223791568751003
200035,-0.0299213343411537
200036,-0.0744257926472927
200037,0
200038,0
200039,0
200040,0.0181352524017691
200041,-0.0633368626468524
200042,-0.0180040331263748
200043,0
200044,0
200045,0
200046,-0.119829106180096
200047,-0.400483940939874
200048,-0.0577015575346769
200049,-0.182485242716391
200050,-0.324491983758522
200051,-0.125606683558392
200052,-0.0893782955575267
200053,0
200056,-0.103862147160491
200057,-0.0806284995543116
200058,-0.0977652303233816
200059,-0.11337778592324
200060,0.0605323843594856
200061,-0.196085837623121
200062,-0.241510089525021
200063,-0.207332142910217
200064,-0.165042226917489
210004,8.44135216043406e-05
210005,0.000101319142385376
210006,0
210007,0
210008,0
210009,0
210010,0
210011,0
210012,0
210013,0
210014,0
210015,0
210016,0
210017,0
210018,0
210019,0
210020,0
210021,0
210022,0
210023,0
210024,0
210025,0
210026,0
210027,0
210028,0
210029,0
210030,-0.164723988608679
210031,-0.387511368507863
210032,-0.257024671096935
210033,-0.126449111417064
210034,-0.0357581568082206
210035,-0.0424723849513684
210036,0.00310339501219306
210037,0
210038,0
210039,0.00625282118887896
210040,0.0333133088552082
210041,-0.200073027962341
210042,-0.217517558598557
210043,0.000386188327247682
210044,0
210045,0
210046,0
210047,-0.216994216449452
210048,0
210049,-0.141545329451855
210050,-0.194417735007627
210051,0.0181608158237704
210052,0.0271724585108249
210053,-0.128223138235277
210056,-0.1548727307276
210057,-0.087655172532896
210058,-0.0774829118780337
210059,-0.0133865769310316
210060,-0.00439129937293867
210061,-0.190666958725504
210062,-0.378551589397497
210063,-0.164881929755474
210064,-0.200432541000881
220004,0.013802191534333
220005,0.0139922458591063
220006,0.00265770867297988
220007,0
220008,0
220009,0
220010,0
220011,0
220012,0
220013,0
220014,0
220015,0
220016,0
220017,0
220018,0
220019,0
220020,0
220021,0
220022,0
220023,0
220024,0
220025,0
220026,0
220027,0.00264513152736563
220028,-0.0944319799912313
220029,-0.0761322252050666
220030,-0.123590660305281
220031,-0.136678512546912
220032,-0.291896044136965
220033,-0.28493969579337
220034,-0.041115745585505
220035,-0.0851200761955677
220036,-0.0636199642785162
220037,0.0187613320131333
220038,0.0185054265702076
220039,-0.0239766029930083
220040,-0.0593443613601147
220041,-0.265279210506415
220042,-0.0963006766362776
220043,0.00279780493610609
220044,0.00105732307337105
220045,-0.147044909359608
220046,-0.225860920781052
220047,-0.347076826271457
220048,-0.123559837383901
220049,-0.320811702710645
220050,-0.132324944279415
220051,0.110478234096724
220052,0.10942428808093
220053,0.0351890034656419
220057,-0.056839920649633
220058,-0.0306337470556549
220059,0.00866596460578928
220060,0.0327690966560312
220061,-0.120928430975568
220062,-0.142488498289123
220063,-0.0576193941658678
220064,-0.122869620796345
230003,0.00906996513621583
230004,0.0281045291367553
230005,-0.0820123989320429
230006,0.00903439053800551
230007,0.00524564363888542
230008,0.00276745742214779
230009,0
230010,0
230011,0
230012,0
230013,0
230014,0
230015,0
230016,0
230017,0
230018,0
230019,0
230020,0
230021,0
230022,0
230023,0
230024,0
230025,0
230026,0.0171408603085578
230027,0.0387722862143506
230028,-0.0991265599240172
230029,-0.111292823072817
230030,-0.324667088606068
230031,-0.192269937446075
230032,-0.132136588561706
230033,-0.19338950488682
230034,-0.126508121973031
230035,0.00658985271362691
230036,0.178633985279026
230037,0.172158916630511
230038,-0.0102126708135237
230039,-0.0953291237124985
230040,-0.22737171143558
230041,-0.38503456687605
230042,-0.00999642813380799
230043,-0.0975537315987158
230044,-0.0860383916426507
230045,0.183810548104093
230046,1.136028183171
230047,0.516001483771555
230048,0.374748871084285
230049,0.521258533857742
230050,-0.00175280723720972
230051,-0.196166498492318
230057,-0.0397908819588504
230058,-0.164000886887483
230059,-0.243279842274176
230060,-0.149867229537767
230061,-0.122704334646442
230062,0.100497078620081
230063,-0.0782042751992835
230064,0
240002,0.000835391571089606
240003,0.0182254732265157
240004,0.0376335978937127
240005,-0.0934188347740483
240006,-0.176624052050245
240007,0.0254140584826355
240008,0.0180403194982007
240009,0.00185472556118577
240010,0
240011,0
240012,0
240013,0
240014,0
240015,0
240016,0
240017,0
240018,0
240019,0
240020,0
240021,0
240022,0
240023,0
240024,0
240025,0.000145216582026876
240026,-0.0726424153982573
240027,-0.0621097240916241
240028,-0.0875841184777512
240029,-0.178822202856742
240030,-0.119049393320948
240031,0
240032,-0.0790167387401998
240033,-0.115711533407194
240034,-0.115873766657286
240035,0.0113271024715806
240036,-0.491321878254456
240037,-0.042540403477481
240038,-0.12497561694262
240039,-0.316475070365423
240040,-0.0148752113005804
240041,-0.485957902934739
240042,-0.294893957905977
240043,-0.399273664630229
240044,-0.335325016087617
240045,1.20342642596137
240046,2.39283420826076
240047,2.67330182095961
240048,2.04396747421823
240049,1.6530075051191
240050,0.864876506898939
240051,-0.740665344376337
240052,-0.55207319890499
240057,-0.0995974075016051
240058,-0.201240799675175
240059,-0.133670927288
240060,-0.332867588442814
240061,-0.0677468973937998
240062,0.0229186583770488
240063,0
240064,0
250002,0.00235717035462552
250003,0.0195221034855319
250004,0.0279391800037144
250005,-0.280659655544242
250006,0.0220254011307542
250007,-0.138422782850103
250008,0.0344705025012537
250009,0.00399451004267318
250010,0
250011,0
250012,0
250013,0
250014,0
250015,0
250016,0
250017,0
250018,0
250019,0
250020,0
250021,0
250022,0
250023,0
250024,0
250025,0
250026,-0.104601705194983
250027,-0.103355338673764
250028,-0.0706383562694193
250029,-0.104323758647515
250030,0
250031,-0.0493327491664522
250032,-0.102019137767921
250033,-0.0242671317791563
250034,-0.165031147255887
250035,-0.107522205827443
250036,0.0515314358374472
250037,0.0725229448750532
250038,-0.0705845245926302
250039,-0.028702091231359
250040,-0.0902385368359434
250041,-0.651652556952524
250042,-0.226898100132787
250043,-0.315882084058615
250044,-0.0749961582236046
250045,1.4163987558114
250046,3.20284808941242
250047,2.30662921417318
250048,1.51881851760629
250049,1.58250239297401
250050,-0.0692549442805189
250051,-0.367946760070082
250052,-0.270610010276545
250056,-0.145022211286092
250057,-0.0129514065362638
250058,0.061331282219657
250059,0.0725045284944088
250060,-0.0266986083324163
250061,-0.132481363518215
250062,-0.13084317296314
260003,0.00838256417651052
260004,0.0133328655129983
260005,0.00521863040200117
260006,0.0166250031401123
260007,0.037040002673945
260008,0.0270816018415794
260009,0.00302699167964785
260010,0
260011,0
260012,0
260013,0
260014,0
260015,0
260016,0
260017,0
260018,0
260019,0
260020,0
260021,0
260022,0
260023,0
260024,0
260025,-0.107056868835064
260026,-0.149403179275561
260027,-0.278381287403093
260028,-0.126274714940146
260029,0.0997863208615395
260030,-0.0172346723875264
260031,0
260032,0.00909918114524595
260033,-0.0960850144922358
260034,-0.122667186561993
260035,-0.170904040464727
260036,-0.189622302916933
260037,-0.0838726965062792
260038,-0.155871459500624
260039,-0.194955995269271
260040,0.290257021110614
260041,0.089178536063186
260042,-0.0238853137130189
260043,-0.281916530797615
260044,-0.248502964437302
260045,-0.0847649641599647
260046,0.953465229283068
260047,0.245120741285424
260048,0.0368245895139666
260049,-0.264430178992116
260050,-0.0319136807728003
260051,-0.169437969531042
260052,-0.180184290877624
260056,-0.515303730934399
260057,-0.156766422011811
260058,0.0764859420502538
260059,-1.07373083092889
260060,0.162416669114419
260061,-0.182919376209653
270004,0
270005,0
270006,0.0048070313249853
270007,0.0134333924614451
270008,0.00908716474515077
270009,5.7837301064577e-05
270010,0
270011,0
270012,0
270013,0
270014,0
270015,0
270016,0
270017,0
270018,0
270019,0
270020,0
270021,-0.197701446657624
270022,0
270023,0.00141159826462034
270024,-0.123828479735605
270025,-0.0949935741268234
270026,0
270027,-0.164304923468452
270028,-0.0209904945190749
270029,-0.0884500386734623
270030,0
270031,0
270032,-0.109934795027943
270033,0.0304417336561723
270034,-0.065570521838664
270035,-0.352965778991162
270036,-0.339249560088195
270037,-0.209776669359352
270038,0.0637921389215478
270039,0.100947277127469
270040,0.391098895409474
270041,0.470227251403096
270042,0.0616646465754861
270043,-0.446286987891062
270044,-0.237072854999108
270045,-0.182486446657228
270046,-0.0566765376812048
270047,-0.678505582600781
270048,-0.064297664048252
270049,-0.16298748334017
270050,-0.120075942745901
270051,-0.304165152722257
270052,-0.297464446262561
270055,-0.164256033288079
270056,-0.308343490202889
270057,-0.23258132597652
270058,-0.00557090590047155
270059,-0.61659858621379
270060,-0.0858508328767861
270061,-0.609809342970146
280006,0
280007,8.51692278832306e-07
280008,0
280009,0
280010,0
280011,0
280012,0
280013,0
280014,0
280015,0
280016,0
280017,0
280018,0
280019,0
280020,0
280021,-0.0228175536368866
280022,0.0143704907175417
280023,-0.0816250587538543
280024,-0.107914292412833
280025,-0.106325897806142
280026,-0.122507229849711
280027,-0.0831084261471841
280028,-0.0794036692398538
280029,0.000443860361228158
280030,0.00037045454770432
280031,-0.107306093131817
280032,-0.0602925894798769
280033,-0.10597499579774
280034,-0.138457476628834
280035,-0.604155005606828
280036,-0.65542543625798
280037,0.0294322262665034
280038,0.0115447501321327
280039,0.099563645206925
280040,0.248667721081495
280041,0.264929970268828
280042,-0.0176060107923554
280043,-0.483666867169839
280044,-0.115986420649359
280045,-0.104329608374464
280046,-0.695968855598721
280047,-0.1251334720689
280048,0.0211780203237539
280049,0.0435797868209778
280050,-0.251687253756553
280051,-0.48417111155893
280052,-0.339533008788562
280053,-0.164323166484392
280054,-0.15038601484795
280055,-0.239706891619564
280056,-0.0169221583600665
280057,-0.0572600944501472
280058,-0.199513919516204
280059,-0.410033899498173
280060,-0.111495318176495
280061,-0.360496214539729
290011,0
290016,0
290017,0
290018,0
290019,0
290021,0
290022,0.0317853203397402
290023,-0.332511764296916
290024,-0.0903378733149257
290025,-0.121297570952213
290026,-0.108805677585196
290027,-0.452368854639884
290028,-0.315853745026272
290029,-0.159975616721275
290030,-0.078628397519888
290031,-0.0726814112221967
290032,-0.0778073787733824
290033,-0.179480375275693
290034,-0.171431212287752
290035,-0.162065089732179
290036,-0.118023275218102
290037,-0.170357668309303
290038,-0.130077814777113
290039,-0.111645966525817
290040,0.00377384258036517
290041,0.00362751161156888
290042,-0.510496063570284
290043,-0.666539682922377
290044,-0.197705714271292
290045,-0.742974474881092
290046,-0.53506814989744
290047,0.043480187619807
290048,0.10490059448763
290049,0.0193853097067224
290050,0.000661420580010453
290051,-0.303291779064871
290052,-0.178001119135669
290053,0.000197670632359301
290054,-0.270628899423771
290055,-0.250950271004206
290056,-0.0664768056241445
290057,-0.0478254974581464
290058,-0.0761502093958264
290059,-0.101898168599271
290060,-0.0936159490838417
290061,-0.271469778996274
300024,0.0115510106810066
300025,-0.118636585286416
300026,-0.196498852790124
300027,-0.248023698134372
300028,-0.290402969005405
300029,-0.467053341376862
300030,-0.272058744010718
300031,-0.02561043505978
300032,-0.310261113832626
300033,-0.28983228992221
300034,-0.206570789338748
300035,0.293637573368203
300036,-0.0881913491585873
300037,-0.14136020645569
300038,-0.383384353312493
300039,0.230157196686999
300040,0.0786648473788275
300041,0.0248328025622843
300042,-0.112509876519024
300043,-0.230810638730816
300044,-0.209350261638451
300045,-0.535638339271231
300046,-0.188248596234659
300047,-0.0727969917879938
300048,0.0196161821421551
300049,0
300050,-0.0403394360426062
300051,-0.330858554047105
300053,0.0015568979444423
300054,0.0326930631335984
300055,-0.0876197947651092
300056,-0.390718553972588
300057,-0.0812301296386686
300058,-0.53226497212499
300059,-0.111802141828129
300060,-0.103503707135209
300061,-0.279533278921385
310026,-0.121748142130525
310027,-0.129935799051796
310028,-0.0165198567484921
310029,-0.303737502266095
310030,-0.507909908936987
310031,-0.523897957493731
310032,-0.267600202173376
310033,0.0031175587546401
310034,0.039609553858457
310035,0.0517169816856034
310036,0.0202706571562763
310037,-0.0862688438779728
310038,0.148794222975365
310039,-0.39530510430937
310040,0.31724772293858
310041,-0.144517299950611
310042,-0.236803891798257
310043,-0.32545073490623
310044,-0.0694870226989621
310045,-0.243684235865618
310046,-0.422865963271839
310047,-0.386110386078562
310048,-0.107316075429689
310054,-0.124352423119122
310055,-0.112007791206012
310056,-0.153220211189877
310057,-0.389511112723322
310058,-0.0548953019983953
310059,0.0268249975178085
310060,-0.0728553385401317
310061,-0.152665608837053
310062,-0.161994129352928
320027,0.000343612725743474
320028,-0.193473099403955
320029,-0.0528178473873765
320030,-0.780833876711384
320031,-0.267476646390663
320032,-0.123039707860643
320033,0.00704985276839752
320034,0.0443517867068741
320035,0.0569866025083976
320036,0.0283327969791057
320037,-0.0776389277057998
320038,0.234212156270407
320039,0.577912493852783
320040,1.30262130610291
320041,0.866800494569438
320042,-0.199077308248831
320043,-0.272035847238811
320044,-0.0913239339279648
320045,-0.231695802989757
320046,-0.438190787619255
320047,-0.100989144251395
320053,0
320056,-0.0454280011890137
320057,-0.586615716195464
320058,0.0315244047299848
320059,-0.0313402486049888
330028,0.0220754997898834
330029,-0.116164426348155
330030,-0.24643402172484
330031,-0.365958882959878
330032,-0.115287792719729
330033,0.000175818858974747
330034,-0.0642963988448315
330035,-0.0429828927214027
330036,0.00948047363273359
330037,-0.16753597303368
330038,0.0125348378764782
330039,1.54807462985477
330040,2.96575823689075
330041,2.9831267019364
330042,-0.595139044620502
330043,-0.832494228746921
330044,-0.14546420628846
330045,-0.306002370409517
330046,-0.530597605105616
330056,-0.0707724838594568
330057,-0.0561020586947671
330058,0.0112466236650588
330059,-0.0682818312503498
340029,-0.0903868234940186
340030,-0.0849730638288213
340031,-0.353373827174362
340032,-0.126717525635881
340033,-0.0271750530757385
340034,-0.109212025978831
340035,-0.10891133276059
340036,-0.0453266999486812
340037,-0.1200095036933
340038,0.171394558841185
340039,1.40191394035854
340040,3.04529288649372
340041,2.98930995999391
340042,0.217035654508922
340057,-0.0818676456032874
340058,-0.168978527152179
340059,-0.124286749766318
350030,-0.109086320731646
350031,-0.112537095117495
350032,-0.0636089311214832
350033,-0.0947934634051088
350034,0
350035,-0.0711547006643411
350036,-0.0172055019500237
350037,0.00705114427151059
350038,0.00626151726083432
350039,0.315988585581757
350040,0.923468322861552
350041,0.703077098388222
350042,-0.212464629690981
350057,0
350058,0
350059,-0.170827702419059
360031,-0.105065598855542
360032,-0.208281280312219
360033,0
360034,0
360035,0
360036,-0.0397411093147137
360037,0
360038,-0.113569366261875
360039,0.0669461486849063
360040,0.257485773534954
360041,-0.139231295661847
360042,-0.191919837366478
360044,-0.153235526566346
360058,-0.0880374525775318
360059,-0.0307450153833993
370031,-0.101068699750459
370032,-0.174190873992365
370033,-0.143660446302286
370034,-0.0894764184054142
370035,0
370036,0
370037,-0.096233550149025
370038,0.000212081245182405
370039,0.8141615950094
370040,1.63692802342186
370041,0.720506957240643
370042,-0.160798331496353
370043,-0.241211996281207
370058,-0.0951433637207099
370059,-0.145427316256848
370068,-0.083966354467726
380032,-0.106746850744072
380033,-0.165970995801637
380034,0
380035,-0.0850433353496265
380036,-0.156080770127143
380037,0.00571681244540096
380038,0.151504565246447
380039,1.1503786968377
380040,1.50741768238189
380041,0.898906199418128
380042,0.0074071478790636
380043,-0.218721229623496
380058,-0.0767328309165037
380059,-0.060755561115676
380066,0.0433671790036927
380067,0.144321178264522
380068,0.0478378833953843
380070,-0.35129757730935
390032,0
390033,0
390034,-0.10173469124327
390035,0
390036,0.0191094103490446
390037,0.150675397356604
390038,0.0458153538780761
390039,0.253186243837057
390040,0.698212008690632
390041,0.432081959703744
390042,-0.119683952378077
390043,-0.218539263550047
390058,0.164392682940283
390059,-0.102417867844828
390060,-0.0975444423937241
390061,-0.0150393735166943
390062,0.0870596913934633
390063,-0.0478313905066115
390064,-0.022037284509829
390065,-0.000151921366631252
390066,0.166615444334502
390067,0.346737123835376
390068,-0.345522933512309
390069,-0.279783590611671
390070,-0.134170160576195
390071,-0.0671942577068027
390072,-0.124851084279555
400032,-0.098290106385189
400033,0
400034,-0.128360596187784
400035,0
400036,-0.00165480329648156
400037,0.217294242341249
400038,0.0846832647126592
400039,-0.125761377624513
400040,-0.171788767559584
400041,-0.132726748911004
400042,-0.316863789561994
400043,-0.404212764671863
400058,-0.0954711256650822
400059,-0.187360382655264
400060,0.0310381194399511
400061,0.0254638469329991
400062,0.116769590440184
400063,-0.180709294521533
400064,-0.227582180619213
400065,-0.0516968027201717
400066,-0.307478872577674
400067,-0.34364005714244
400068,-0.152674960821072
400069,-0.11880671622174
400070,-0.324193593843329
400071,0.0499975086878533
400072,-0.0645549560429081
410033,-0.161860775088255
410034,-0.164590279539116
410035,0.00563981091895536
410036,0.0727972983204859
410037,0.0565144285909044
410038,0.292052170605054
410039,0.1590790994737
410040,-0.0962868392437399
410041,-0.145688125041087
410042,-0.402545584422311
410043,-0.213672099464768
410053,0
410054,-0.239007161046726
410055,-0.121048127257909
410056,-0.0400462835302501
410057,-0.226520868372078
410058,-0.236360038793187
410059,-0.108861141597496
410060,-0.186360432262958
410061,-0.134170067833669
410062,-0.252418479016733
410063,-0.121613479251162
410064,-0.575939293169264
410065,-0.117936335161093
410066,-0.055450364339183
410067,-0.225449959627637
410068,-0.200234527492777
410069,-0.147940191710268
410070,0.0587022341987463
410071,-0.046215045619165
410072,-0.151215900143207
420033,0.0191972672548315
420034,-0.48543143230569
420035,0.227747076564313
420036,0.524851556669185
420037,0.420604574036029
420038,0.56874373233669
420039,0.000251589098183513
420040,-0.160485366297042
420041,-0.238633719808253
420042,-0.378325329692701
420043,-0.360543162165023
420053,-0.115577917403531
420054,-0.201505887257938
420055,-0.00572041438501958
420056,-0.0937154357274491
420057,-0.269996794167113
420058,-0.209384707572705
420059,-0.268256357657192
420060,-0.148364542363789
420061,-0.00574043017867229
420062,-0.631493981231365
420063,-1.10112061499133
420064,-0.186022914228326
420065,-0.1164434658539
420066,-0.181040038739288
420067,-0.222372606270201
420068,-0.105557361534395
420069,0.0385836187553251
420070,-0.190660950908231
420071,-0.199485936887236
420072,-0.126408215749296
420073,0.13464546444377
420074,0.224180580372155
420075,0.591776031664529
430033,-0.0327664723704991
430037,0.733514517055807
430038,0.354580525437918
430039,-0.502528277040654
430040,-0.215134221881611
430041,-0.442512443525804
430042,-0.29108829077103
430043,-0.217422688254168
430053,-0.116135320221292
430054,0.886139308131881
430055,1.97485123257891
430056,1.29645279972675
430057,-0.153288608414032
430058,-0.314825343920768
430059,-0.413138434515168
430060,-0.4158797161776
430061,-0.377252145132142
430062,-0.294136855566132
430063,-0.37357222348028
430064,-0.203784450634163
430065,-0.168943694752937
430066,-0.316133509382711
430067,-0.20823814374975
430068,0.145833826211306
430069,-0.0264074024912318
430070,-0.269824906913562
430071,-0.231410963974678
430072,0.0441805848317832
430073,-0.0809513404436031
430074,0.306162858885621
430075,0.31997114777228
440033,0.017260400095284
440038,-0.0521482443363612
440039,-0.532170311841758
440040,-0.317842096159169
440041,-0.433530011637968
440042,0.174524420608254
440043,-0.49857340996285
440051,-0.105698050392303
440052,-0.198157309317776
440053,-0.0130026464006306
440054,1.97732974107708
440055,3.41450141003677
440056,1.64021212948247
440057,-0.473015055888961
440058,-0.156327772912825
440059,-0.119358291570441
440060,-0.0921263495163148
440061,-0.105810012055893
440062,-0.087251807722748
440063,-0.166477296386331
440064,-0.0961529007125378
440065,-0.0500312220575976
440066,-0.0441370062900885
440067,-0.0530844687651669
440068,-0.246015833628954
440069,-0.52527979623446
440070,-0.0786549769118169
440071,-0.0547382902140353
440072,0.194899618206566
440073,-0.248913567146773
440074,-0.0857441973293458
440075,-0.0440516657196997
450033,-0.0723247369470183
450038,-0.189739381994148
450039,-0.31929403520602
450040,-0.195307356905152
450041,-0.273164473362665
450042,0.204269764507301
450043,-0.0705978582605051
450051,0.103508635886594
450052,-0.0923893059288314
450053,-0.926886295754222
450054,0.536456681197009
450055,2.58537677820091
450056,1.63740350319795
450057,0.0315565650887877
450058,-0.0850869109437485
450059,-0.152613511915896
450060,-0.0823265253073587
450061,-0.0914874065145334
450062,-0.135312778265701
450063,-0.137803221238102
450064,0.0187135391192837
450065,-0.00392419516717055
450066,0.0406142044695046
450067,-0.269105094177942
450068,-0.273423606138479
450069,0.0856498665527092
450070,-0.0390661106412148
450071,0.00474011451042924
450072,0.0512899981975398
450073,-0.130921784485387
450074,-0.0838020798721807
460033,-0.060283680929117
460038,-0.0366699174687326
460039,-0.450922391080345
460040,-0.0255011895241178
460041,-0.201921745288429
460042,0.0544775738246271
460043,0.105323274161609
460044,0.119866554726466
460045,-0.0982859210246906
460046,-0.0743289658967062
460047,0.035879986240052
460048,-0.0797302792833769
460051,-0.273793277652375
460052,-0.156210352969131
460053,-0.212241969641741
460054,-0.135753812560134
460055,0.125158478454842
460056,-0.244567261332428
460057,-0.392060417748902
460058,-0.0560168826247754
460059,-0.0467864677236922
460060,-0.0450089230177025
460061,-0.0549551637956429
460062,-0.0331114489935741
460063,-0.040161594893888
460064,0.0117460931094146
460065,0.0443619248282235
460066,-0.167229911203217
460067,-0.191283601767879
460068,0.0451303580057927
460069,-0.0637731465047623
460070,-0.0712984882608181
460071,0.090884782366239
460072,0.104230427052991
460073,0.194290468315547
460074,0.0393078410191929
470032,-0.171084891150153
470037,-0.0976840345768751
470038,-0.078323137438703
470039,0.0229901210907519
470040,-0.21359720232164
470041,-0.251853617365831
470042,-0.485345380251263
470043,-0.19348619682537
470044,-0.104592953660322
470045,-0.0863657466873861
470046,-0.213942451620936
470047,-0.103316967801812
470048,-0.21751445320384
470049,-0.642245547510282
470050,-0.292919190751702
470051,0.0393168581518019
470052,0.0817139214401091
470053,0.00928686766773634
470054,-0.0665885466957168
470055,-0.509599103767355
470056,-0.436017979545489
470057,-0.28866533565258
470058,-0.0187311986011305
470059,-0.0254168629330351
470060,-0.00454006566747914
470061,-0.0210795849467178
470062,-0.0398928093418809
470063,-0.295283727083472
470064,-0.74682610209523
470065,-0.336116211471792
470066,-0.149677626346321
470067,-0.416462462122292
470068,-0.0658448516562131
470069,-0.134408935449783
470070,-0.267923597841107
470071,0.0676453664541692
470072,-0.10942205648636
470073,-0.436932905577194
470074,-0.293319810448855
480032,-0.279737293545765
480037,0.0297755164867758
480038,-0.571122446367414
480039,-0.463035261778498
480040,-0.123386766205197
480041,-0.327200408795932
480042,-0.258121840970804
480043,-0.159899905167113
480044,-0.19455292350061
480045,-0.0748420824622084
480046,0.0267621497545285
480047,0.00406271789645188
480048,-0.113377868424387
480049,0.00606351631807453
480050,-0.032242125490099
480051,-0.100974226116126
480052,-0.000890468075525438
480053,0.196468245040505
480054,1.18116713420354
480055,0.932167744996911
480056,0.0451676893089048
480057,-0.219980460306191
480058,-0.0249371812966417
480059,-0.0273559234601317
480060,-0.118778927994201
480061,-0.0266931644425625
480062,-0.130210363811126
480063,-0.448116434687511
480064,-1.44073278285513
480065,-1.15469858907858
480066,-0.652785169669878
480067,-0.154871465889666
480068,-0.0131950860845158
480069,-0.0841334824053638
480070,-0.0440543993464579
490031,-0.0603561035022655
490032,-0.120038097056734
490037,-0.0823328185468274
490038,-0.195708812745905
490039,-0.389221488387717
490040,-0.164785276209082
490041,-0.21693688131381
490042,-0.180738190801052
490043,-0.179289285810281
490044,-0.380786899784465
490045,0.0279959633038931
490046,-0.0674117544903563
490047,-0.137284058519662
490048,-0.848685897679649
490049,-0.0761754951851493
490050,-0.0897769641023894
490051,-0.148533326437431
490052,-0.0894004157736494
490053,-0.0741429734678307
490054,1.5588481064281
490055,1.02894833532064
490056,0.0742523685057322
490057,-0.430488834216776
490058,-0.0599478545799135
490059,-0.355855917441558
490060,-0.363681415599521
490061,-0.00790364033698679
490062,-0.14344286126824
490063,-0.390434488094209
490064,-0.663520584952474
490065,-0.352445046969521
490066,-0.344482244592948
490067,0.185968521933775
490068,0.149958298332235
490069,0.0555380550122452
490070,0
490073,-0.0372025538662307
500031,-0.12535560816231
500036,-0.00126481333265646
500037,-0.351953005765651
500038,-0.0558073994500083
500039,-0.258094245816972
500040,-0.0942469850006525
500041,-0.0765791267250879
500042,-0.103835477826993
500043,-0.157042831984771
500044,-0.476453984025882
500045,-0.290379975462758
500046,0.985078191731024
500047,0.741984132360034
500048,-0.358067811126766
500049,-0.142721364293807
500050,-0.0986203629747508
500051,-0.12059563794117
500052,-0.18726175989214
500053,-0.103873694937403
500054,0.847520871825771
500055,0.736572093599338
500056,-0.095719077676885
500057,0.124294711117247
500058,0.0607406924000536
500059,0.064405499871799
500060,-0.0102190834136288
500061,-0.17855716375617
500062,-0.380452990123214
500063,-0.319139799279865
500064,-0.212354157698507
500065,-0.565198250528054
500066,0.229494910806267
500067,0.138343478331017
500068,0.0659018386851412
500069,0.0307409231531759
500070,0
500073,-0.163414942358599
500074,0.00714496039926374
500075,0.129721210223673
510030,-0.146315462841721
510031,0
510036,-0.32640123699642
510037,-0.103019445683548
510038,-0.0732153149791451
510039,-0.291004375400738
510040,-0.42741647960429
510041,-0.257215348860028
510042,-0.103766577807111
510043,0.208843066777168
510044,0.00545134787643436
510045,0.629192132992203
510046,2.65445887223169
510047,2.74193303665511
510048,1.08189809686816
510049,-0.104534478864975
510050,-0.0897683200129304
510051,-0.114726841871337
510052,-0.0445910745877232
510055,-0.309139419603037
510056,-0.342528249646775
510057,0.125510660963696
510058,0.0992540386853137
510059,-0.10631287685153
510060,-0.815066679018757
510063,-1.09633651482871
510064,-0.451306505362099
510065,0.147063338174651
510066,0.586904940190294
510067,0.457428912341834
510068,-0.00478460396948166
510069,0
510070,0
510073,-0.421658995824056
510074,-0.0301910868786366
510075,0.190646957344454
520029,-0.103442214907868
520030,-0.228501479416821
520032,-0.249647966006103
520033,0.00596971346261599
520034,-0.2960596518351
520035,-0.194528838869209
520036,0.0500161433882498
520037,-0.251626673012144
520038,-0.341248927690259
520039,-0.204237062827842
520040,-0.355277421063408
520041,-0.283110961178419
520042,-0.170156686774298
520043,-0.00798497254438701
520044,0.379273254160387
520045,1.13130948293771
520046,2.83693901404918
520047,3.03956003823434
520048,0.722194795801435
520049,0.00764185223271535
520050,0.0737805107777123
520056,-0.550108633827575
520057,-0.0291725463350044
520058,-0.15812862918255
520059,-0.660949519951177
520063,-0.501929913085718
520064,-0.346705652282896
520065,0.162610368472143
520066,0.693304801564938
520067,0.692339740851708
520068,0.0618380166103571
520069,0
520070,0
520073,-0.243525253916318
520074,0.0416521523406796
520075,-0.10388883578023
530028,-0.109481673182167
530029,0
530030,-0.139179209119281
530031,-0.269352546163836
530032,-0.645204136913684
530033,0.138147144239622
530034,0.123507465108348
530035,0.755347107709697
530036,0.456079593326921
530037,-0.625548896290664
530038,-0.646873442264854
530039,-0.0860874079079305
530040,-0.280553809833009
530041,-0.0841170090428027
530042,0.27188285655344
530043,0.375343175359714
530044,0.616819742567193
530045,0.356984005510804
530046,2.63424570874117
530047,2.25279121639571
530048,0.247605900016489
530049,-0.0816439331205315
530050,0.0419458843534822
530056,-0.489340270410633
530057,-0.747156073654226
530063,-0.404276492860286
530064,-0.196300327919292
530065,0.10229559503081
530066,0.475289780794857
530067,0.326828654260344
530068,-0.0308115936399356
530069,0
530070,0
530073,0
530074,0
530075,0.0027221025558607
530076,0
540027,-0.177988361337187
540028,-0.277447323577559
540029,-0.153106251086803
540030,-0.0996925928654407
540031,-0.196213271507055
540032,-0.309696380365078
540033,-0.0831032940175832
540034,-0.213430049693442
540035,0.18048764275828
540036,0.111078879044169
540037,0.0888430507634421
540038,0.157822124481794
540039,-0.171503015312263
540040,-0.23560254736255
540041,-0.00363409613801241
540042,0.191068182131156
540043,-0.111809733002835
540044,0.0107031394159269
540045,0.988745355755836
540046,1.67361919518494
540047,1.47367710549367
540048,0.591414977901715
540049,-0.112264965877878
540056,-0.667062214932799
540063,-0.284816734454363
540064,0
540065,0.00389256008101256
540066,-0.0371802846773679
540067,-0.0213105173875566
540068,-0.0719795835080325
540069,0
540070,0
540073,0
540074,-0.125530262806447
540075,0
540076,0
550026,-0.22241802064834
550027,-0.358678581026809
550028,-0.142313505487258
550029,0
550030,-0.0362136829190113
550031,-0.0977490822409585
550032,-0.191717823982332
550033,-0.344145273916236
550034,-0.257277216539954
550035,0.129055888293694
550036,0.658112558903039
550037,1.18156837537638
550038,0.324138805824965
550039,-0.0492447423347928
550040,-0.169241276061341
550041,-0.160476949219694
550042,0.351638886772818
550043,0.254508411667879
550044,0.0999338092665278
550045,0.178322906870782
550046,0.714255461292241
550047,0.72603946632607
550048,0.0350360123379297
550049,-0.233372435357247
550063,-0.114060168975345
550064,0
550065,-0.109481071040171
550066,-0.0953015178404424
550067,-0.0604434272967915
550068,-0.124521447555854
550069,0
550070,0
550073,0
550074,0
550075,0
550076,0
560024,-0.222036735312161
560025,-0.218567738558565
560026,-0.100054803824945
560027,-0.37155649951078
560028,-0.126066622271455
560029,-0.0393674871849701
560030,-0.00190353376523714
560031,-0.0472048117762736
560032,-0.340031198162624
560033,-0.365812614819959
560034,-0.579301788082197
560035,-0.334638724084878
560036,1.24140877935653
560037,1.58798602278091
560038,1.32501057896565
560039,1.74422852855409
560040,1.69858593986818
560041,0.369313682939535
560042,0.344906461228483
560043,-0.0843905967238548
560044,-0.0711887714422169
560045,-0.0200769107193823
560046,-0.0165502562424894
560047,-0.143501892618124
560048,-0.137953930143266
560049,-0.137675085623615
560062,-0.093568386221851
560063,0
560064,0
560065,-0.106387941870032
560066,-0.0994318684911231
560069,0
570023,-0.140187053973309
570024,-0.251250124378059
570025,-0.446435942237608
570026,-0.336445308813424
570027,-0.242136462159619
570028,0.0247662649832654
570029,-0.0692419781622302
570030,-0.507498289022483
570031,-0.0937719650904108
570032,-0.183840287079429
570033,-0.68628204399444
570034,-0.453910218832826
570035,-0.49336770659991
570036,0.802003836198976
570037,1.29207581111671
570038,0.52187381460617
570039,2.39770857022134
570040,2.1203296644595
570041,0.682924703419697
570042,-0.0178993408998793
570043,0.045809869153404
570044,0.211619810807871
570045,-0.0395488849932922
570046,-0.0205995289513953
570047,-0.110471805993835
570048,-0.0820135727964447
570049,-0.235718124531948
570061,-0.206810279340842
570062,-0.13071635331742
570063,-0.114636780457291
570064,-0.0879323438806656
570065,-0.0825966711499602
570066,-0.130319585889159
580023,-0.391850027883944
580024,-0.750780676991982
580025,-0.374208018128197
580026,-0.651738026806176
580027,-0.208013517756553
580028,-0.0364877391987098
580029,-0.227141414339733
580030,-0.526958021565541
580031,-0.747692875851498
580032,-0.426324303085459
580033,-0.0110685456558461
580034,-0.118074058826284
580035,-0.851531004410401
580036,-0.0952546501384386
580037,0.549243688457384
580038,0.233923680901405
580039,1.78518003021749
580040,0.799375608009133
580041,-0.30400018838068
580042,0.0134997191119104
580043,-0.0702970237293224
580044,0.0989928311983636
580045,-0.156576831026927
580046,-0.1807543985025
580047,0.00921608163624726
580048,-0.0533241801622419
580049,-0.172570511606177
580060,-0.0115647692729896
580061,-0.0685569979078558
580062,-0.216712254915116
580063,-0.101579175602878
580064,-0.109501618453456
580065,-0.0878854322902923
580066,-0.0919390194737449
590022,0.0308831190223292
590023,-0.29554830867469
590024,-1.4710899152017
590025,-0.378000454646733
590026,-0.0821675318358766
590027,-0.231078999669913
590028,-0.915553590511982
590029,-0.88009898497847
590030,0.343391466482975
590031,0.231282401978045
590032,0.693260912347509
590033,-0.0781526789927842
590034,0.620458551142641
590035,-0.0920439808937434
590036,0.0399481132905444
590037,-0.216827788933236
590038,-0.305654718709798
590039,0.547254066081078
590040,-0.00577194693195615
590041,-0.334965928330663
590042,-0.256301153306643
590043,-0.410259803291796
590044,-0.130257514048418
590045,-0.107723451032852
590046,-0.131497147493578
590047,0.154385149739708
590048,0.135223025208627
590049,-0.100106127336443
590059,-0.0117908385483364
590060,0.0651619654232097
590061,0.0572428931916071
590062,-0.0595121179161353
590063,0
590064,0
590065,-0.0905689292610077
590066,-0.0767786171909801
600021,0.0535118845678363
600022,-0.826857158705745
600023,-0.938810256957287
600024,-0.60164519978576
600025,-0.240479269606033
600026,-0.731429751682219
600027,-0.527282467456534
600028,-1.27440193184405
600029,-0.45899540011654
600030,1.56898753534164
600031,1.89935890417001
600032,1.3959091482224
600033,0.432457039669421
600034,-0.314363097152212
600035,-1.06476625424738
600036,-0.330602561439683
600037,0.552379485161987
600038,3.80418891820169
600039,3.91597964981382
600040,1.29370922312253
600041,-0.494542002904953
600042,-0.336151949988335
600043,-0.382911205843838
600044,-0.397301043414583
600045,-0.19076930395445
600046,0.0341549543150109
600047,0.822191934136622
600048,1.20426277944692
600049,0.208765576581945
600059,-0.0573264845714617
600060,0.168050406478204
600061,0.0404913200482961
600062,-0.060084472289897
600063,-0.0946138101434644
600064,0
600065,-0.0900329190096864
600066,-0.0927222954265637
600067,-0.083205381505102
610021,0.130767544858062
610022,-0.0472492176569521
610023,0.243212836448923
610024,-0.149884859781297
610025,0.395037058829883
610026,-0.035234567958202
610027,-0.598043679403918
610028,-0.685980433321836
610029,-0.213319657295433
610030,0.766600221257864
610031,1.06895822610903
610032,0.24333989919515
610033,-0.135764172726554
610034,-0.371033209060331
610035,-0.301598301081402
610036,-0.111758477406246
610037,0.647754462271857
610038,4.84210709789811
610039,5.13138306364775
610040,1.5986951397717
610041,0.377889100501209
610042,0.301456027325427
610043,-0.270567382874066
610044,-0.506902096319295
610045,-0.0854521815429938
610046,0.421473797652712
610047,1.17062184667907
610048,1.44849439006169
610049,0.201289443803443
610050,-0.860488332236546
610056,-0.0786809409835631
610059,-0.109601126945335
610060,-0.0646002314492238
610061,-0.062312537534467
610062,-0.0797418431176817
610063,-0.0810780892984815
610064,0
610065,0
610066,-0.195521272734647
610067,-0.0923207896275937
620021,0.774949242556124
620022,0.577495072549684
620023,0.834219789421721
620024,2.20252780871486
620025,2.98170242929414
620026,-0.103392441041394
620027,-0.982710280886951
620028,-0.326666510843879
620029,-0.155447249182956
620030,-0.171121403240985
620031,-0.14955604065528
620032,-0.340072618345996
620033,-0.640804116794579
620034,-0.23685586577399
620035,-0.776161566471954
620036,0.00127519634276607
620037,0.140235484543643
620038,2.34522712900293
620039,2.6425258951422
620040,1.20005226440677
620041,1.91397312105071
620042,2.14726817751481
620043,0.646964731668695
620044,-0.228429059636314
620045,-0.000218031890558856
620046,0.307862146158725
620047,1.34546230399624
620048,1.74374732053862
620049,0.901477794474874
620050,-1.15544867625655
620051,-1.01409686393049
620052,-0.178731379097945
620053,0
620054,-0.130373899318297
620055,-0.140417763099198
620056,-0.00872240849041092
620057,0.422860715995916
620058,0.530109573642328
620059,0.0395600806261717
620060,-0.0690249913857884
620061,-0.0792310594096655
620062,-0.0898215608172874
620063,-0.0886815620602654
620064,-0.091720243046934
620065,-0.116166130785911
620066,0
620067,-0.103218836579984
630020,0.328827203545868
630021,0.463342238618347
630022,-0.385131464034282
630023,1.96373904047732
630024,3.78157680387809
630025,3.46388055074641
630026,1.81736276391754
630027,0.0378061802389809
630028,-0.177698817495573
630029,-0.367556338183078
630030,-0.0329235150198102
630031,-0.529501371850575
630032,0.00447033429903526
630033,-0.271188365366404
630034,0.322053903351148
630035,-0.083351752443251
630036,-0.667073766431825
630037,-0.815106677354695
630038,-0.564481902986218
630039,-0.747421696234542
630040,-0.0876322925021665
630041,2.02422682683885
630042,1.9245350831582
630043,0.9297267268112
630044,0.253098391064315
630045,-0.417365437916184
630046,0.300857104097676
630047,0.338903875501838
630048,0.231842993136777
630049,-0.0401228328436922
630050,-0.833671389923374
630051,-1.21667453968009
630052,-0.106020278461051
630053,-0.267715428563876
630054,-0.128796303181801
630055,-0.0622573859605343
630056,0.144127629398102
630057,0.113497792188688
630058,0.58806078674894
630059,0.409485363400523
630060,0.045988157050534
630061,-0.0424169587593211
630062,0.0338326984891713
630063,-0.0900534040560799
630064,-0.0960235659596118
630065,-0.108395964418074
630066,-0.0737720962298507
630067,0
640020,0.188388406726539
640021,0.378797846776301
640022,-0.570118203903718
640023,0.0112125017117246
640024,0.0335548174755571
640025,2.49535404572442
640026,1.94769813822101
640027,0.757336999733591
640028,0.42074251441485
640029,0.599037773438951
640030,0.193814840370723
640031,0.159869047973266
640032,0.12020652729632
640033,-0.0761338655016965
640034,0.0452746529102445
640035,-0.00756034248682691
640036,0.896358922190754
640037,0.280675366026934
640038,-0.0527318879293778
640039,-0.235979469141083
640040,-0.780126839093483
640041,0.632857722177188
640042,0.782085519455639
640043,-0.0601165067175305
640044,0.155541960744289
640045,0.29417171560343
640046,0.413470432844931
640047,0.0692315767897419
640048,-0.065183471229825
640049,0.000997747619310771
640050,-0.495861264477724
640051,-0.862054894050697
640052,-1.43630571767583
640053,-0.185868408471583
640054,-0.0184665228320016
640055,-0.216270297251841
640056,-0.0600856052420724
640057,0.450962714739861
640058,0.497042827038389
640059,0.115439893775522
640060,0.0759508696512445
640061,0.0569284259974746
640062,0.0374977799779368
640063,-0.129992923831469
640064,-0.320869050524606
640065,-0.0806190255142446
640066,-0.0915174958500007
640067,0
650020,-0.192401151822313
650021,0.497657033669392
650022,-0.997616847216155
650023,0.692113261976176
650024,0.765405080774094
650025,1.44468766707263
650026,1.77708306017141
650027,1.01846614925304
650028,0.675015538098088
650029,0.532373511386147
650030,0.121150664628116
650031,0.362668533117568
650032,-0.246319784581676
650033,-0.656936483678734
650034,0.376913116359605
650035,-0.100581518737203
650036,0.961234022800842
650037,0.256155661442762
650038,-0.225176363596891
650039,-0.454946472334522
650040,-0.0226534110406121
650041,-0.0393979210606796
650042,-0.114183324830452
650043,-0.0145333511147684
650044,0.228885158423647
650045,0.279949798294839
650046,0.10719587514952
650047,-0.120563264566024
650048,0
650049,-0.0762911514972229
650050,-0.539625849830984
650051,-0.538525201064193
650052,-0.663375616693102
650053,-0.114125267452182
650054,-0.180228712252913
650055,-0.0632308017305401
650056,-0.196009210637743
650057,0.00046490996038169
650058,0.0722587841988159
650059,-0.00765269877772462
650060,0.0205958645542908
650061,0.175618244429781
650062,0.127378504118499
650063,0.00510230784981502
650064,-0.112561425738838
650065,-0.0772003523705814
650066,-0.0941791084951877
650067,-0.175628678466064
660020,-0.0220539444770002
660021,-0.0237038139236357
660022,-1.46848946261887
660023,-0.528516917212586
660024,-0.0466426763768677
660025,0.517422375144142
660026,1.06277695229023
660027,-0.0999308380169726
660028,-0.532497823132289
660029,0.41593937392503
660030,-0.777149658754212
660031,-0.472001097209031
660032,-0.152689825593138
660033,-0.396035423524209
660034,0.630172727283278
660035,-0.164549314416109
660036,1.30189880547069
660037,0.207570721530708
660038,0.120056055230417
660039,0.132062317410034
660040,0.256976032122134
660041,0.180148509282727
660042,0.728051525497057
660043,1.31198012972541
660044,0.890557210668089
660045,-0.0512705913134568
660046,-0.128091273694994
660047,-0.119389612084959
660048,-0.142308476654775
660049,-0.0199317831972342
660050,-0.374254527410527
660051,-0.867340133801258
660052,-0.262038223075649
660053,0.0193507853541185
660054,-0.150447166316459
660055,-0.219951565908683
660056,-0.268581960384925
660057,-0.0691520568090776
660058,-0.22629283202916
660059,-0.0986781744476037
660060,0.0034086946430263
660061,0.0154988793578665
660062,0.177519179809672
660063,0.0126349530641893
660064,0.0407475343789762
660065,0.00648256699612312
660066,-0.0903088591776936
660067,-0.29677061604058
670020,0.628635637770547
670021,-0.224377303598293
670022,-0.479486305419702
670023,-0.33700496903317
670024,1.18844425799467
670025,0.44882288366753
670026,0.4630977976623
670027,-0.241072296520043
670028,-0.199590887816887
670029,-0.160979636992125
670030,-0.449022381863628
670031,-0.261284429909856
670032,-0.11628796059317
670033,-0.471970627618225
670034,0.424148430305718
670035,-0.15146475400406
670036,1.98334097860505
670037,0.632261275911095
670038,-0.347522103813028
670039,0.12330024244652
670040,0.202382229154822
670041,0.174559808634967
670042,0.415765044321207
670043,2.16208911782904
670044,1.32073876136225
670045,-0.626952892483788
670046,-0.0878738966459542
670047,-0.144420466655338
670048,-0.291747121709856
670049,-0.0192836542510526
670050,-0.369374777570659
670051,-0.421633820290273
670052,-0.472240434218614
670053,-0.211070913038152
670054,-0.274722053296567
670055,-0.423852487451124
670056,-0.284028336450821
670057,-0.283700363149297
670058,0.140984711975523
670059,-0.327778630071305
670060,0.000513238212781739
670061,0.0163547574709939
670062,-0.0135127923140487
670063,-0.0876884891404783
670064,-0.0749318216699678
670065,0.00222252657001476
670066,0
670067,-0.154372787420469
680020,-0.286940836722493
680021,-0.0479434520077646
680022,0.895257167950317
680023,1.69989269053946
680024,1.53227826001274
680025,1.48967496945426
680026,0.69336118020517
680027,-0.339168598513706
680028,-0.0869399163683491
680029,-0.22618524743651
680030,-0.455081369906822
680031,-0.231702867010956
680032,-0.191485174284963
680033,-0.476653795227634
680034,0.31209788893592
680035,0.228056474705268
680036,0.865733650915684
680037,-0.159218522736969
680038,-0.470880346911321
680039,-0.245660650542591
680040,0.193347806831517
680041,0.470758070996125
680042,-0.620398286706242
680043,1.4732398769151
680044,0.650895196562725
680045,0.0528962816370812
680046,0.0685412177483127
680047,0
680048,0
680049,0
680050,-0.862128324305736
680051,-0.356843909910868
680052,-0.488681730602074
680053,-0.149485068442125
680054,0
680055,0
680056,0.031484215307362
680057,-0.120651675171328
680058,0.182043670021738
680059,-0.309740934592214
680060,-0.144966787389916
680061,0
680062,-0.0959298166123766
680063,-0.106627838397231
680064,0.0316502270063846
680065,0.000228337364138408
680066,-0.134664121406538
680067,-0.230306198370964
690020,-0.330762713704493
690021,0.102817383833143
690022,1.15611120988315
690023,1.11533708421271
690024,1.09508544099986
690025,0.697453607892715
690026,0.214917765679424
690027,0.138914564047851
690028,0.210958251041431
690029,-0.0512700891531204
690030,0.279286218868093
690031,0.794218938844013
690032,0.905732821771175
690033,-0.0115304018286314
690034,-0.499225564094563
690035,-0.207320854208573
690036,0.0248061836248887
690037,0.0376719529251897
690038,-0.358337112422243
690039,-0.240663717899257
690040,-0.415964793905098
690041,0.322751903840681
690042,0.13434246588422
690043,0.144958452557755
690044,-0.148721865874464
690045,-0.0508260037365376
690046,-0.0343228146571039
690047,0
690048,-0.132831534556693
690049,-0.222073958915271
690050,-0.567046011796951
690051,-0.24407882106178
690052,0
690053,0
690054,0
690055,0
690056,0
690057,0.0139595707747847
690058,0.0211086599752077
690059,0
690060,-0.163926133793891
690061,0.000125054783101147
690062,0.0309172592755686
690063,-0.267243786527031
690064,-0.484108136894627
690065,0.00594115193300943
690066,0.0377562150017241
690067,-0.0860163839425151
700020,-0.0451102598820165
700021,0.0242817880700323
700022,0.116821916629905
700023,-0.0372761738718015
700024,-0.424227389273603
700025,-0.196032763107185
700026,0.118944494861062
700027,0.710430592563112
700028,0.929376218218536
700029,0.425809181552975
700030,0.63390492746374
700031,1.19729233714044
700032,1.02409243603507
700033,0.277536487943707
700034,-1.24703546515876
700035,-1.11100401384108
700036,-0.645138450211434
700037,-0.172178896752947
700038,-0.363302088594389
700039,-0.241256354693734
700040,-0.15027765761952
700041,-0.0434097959001123
700042,0.071813691833216
700043,-0.0887479261869863
700044,-0.123946292642141
700045,-0.179406317853385
700046,0
700047,0
700048,-0.223894598420125
700049,-0.325342585902379
700050,-0.174154135976109
700051,0
700052,0
700053,0
700054,0
700055,0
700056,0
700057,0
700058,0
700059,-0.108536873963884
700060,-0.120041674577832
700061,-0.0945192604255434
700062,0.0193135168714306
700063,0.0419535958686492
700064,0.0295476512994493
700065,0.00161432626349727
700066,0.0092594971865498
700067,0.0457005224371187
710020,-0.0696734117667706
710021,-0.11419880603608
710022,-0.0332186191287352
710023,-0.130907729446442
710024,-0.673322192109295
710025,-0.669554994373241
710026,-0.0869590188535766
710027,0.264777531751547
710028,0.787849408376083
710029,0.101927219258427
710030,0.0420073758060757
710031,0.72736903907723
710032,0.710217286666662
710033,0.162220013451967
710034,-0.807420674226612
710035,-0.668156621745186
710036,-0.508505751602369
710037,-0.377913129849137
710038,-0.236700304421876
710039,-0.0697935645398426
710040,-0.111552178691486
710041,-0.0795505249423726
710042,-0.044083089796114
710043,-0.141667922970745
710044,-0.0861685856459423
710045,-0.0906820101254279
710046,0.00294509918231417
710047,2.67915024462275e-05
710048,0
710049,-0.291188108303044
710050,-0.280697959753082
710051,0
710052,0
710053,0
710054,0
710055,0
710056,0
710057,0
710058,0
710059,0
710060,0
710061,-0.136960314338427
710062,6.33153134397834e-06
710063,0.0046727410854667
710064,0.00125418618322342
710065,0
710066,0
710067,-0.145547000399587
710070,0
710071,-0.252270679033348
710072,-0.0575732811261093
710073,-0.0113068966166661
720021,-0.107470681745698
720022,-0.110625980470276
720023,-0.187455890773897
720024,-0.80588408695561
720025,-0.355126100377177
720026,-0.0290675691436739
720027,-0.242565386382695
720028,0.248425317204067
720029,0.10364820100955
720030,-0.548423967944702
720031,-0.530856783540247
720032,-0.42349145994289
720033,-0.116555694806063
720034,-0.138736495917305
720035,-0.0429749820131935
720036,-0.429380314932757
720037,-0.405928913403053
720038,0.496066281018567
720039,0.108044016422074
720040,-0.638932866513817
720041,-0.280360660066852
720042,0.0356221099394937
720043,-0.128577283444997
720044,-0.0787290847857712
720045,-0.100269622063521
720046,0.023451929065787
720047,0.00542863388917106
720048,0
720049,-0.177787628494846
720050,-0.218925560556909
720051,-0.15800694490314
720052,0
720053,0
720054,0
720055,0
720056,0
720057,0
720058,0
720059,0
720060,0
720061,0
720062,0
720063,0
720064,0
720065,0
720066,-0.146901638350037
720067,0.230534447731802
720070,0
720071,-0.16848034072726
720072,-0.156541572530444
720073,0.199687220961405
730021,0.00590282212745071
730022,-0.106039916621575
730023,-0.260616554151466
730024,-0.335373934274082
730025,-0.293105570484805
730026,-0.425381916007842
730027,-0.54751777279061
730028,-0.162122692516823
730029,-0.714507079609803
730030,-0.792260512001819
730031,-0.786367410119575
730032,0.375732884784508
730033,1.26414938035012
730034,1.21441423859446
730035,-0.220590421556388
730036,-0.356008388214281
730037,0.0697669008868095
730038,-0.0663179685487367
730039,-0.658209203836585
730040,-1.97035586395407
730041,-0.549766099249835
730042,0.120851945151366
730043,0.145145733491282
730044,0.0066153979264551
730045,-1.00969398894093
730046,-0.192293059032054
730047,0.0176856156697741
730048,-0.236820570723379
730049,-0.382332302575576
730050,-0.700040941677307
730051,-0.454749598674115
730052,-0.143664766866734
730053,-0.1199545920052
730054,0
730055,0
730056,0
730057,0
730058,0
730059,0
730060,0
730061,0
730062,0
730063,0
730064,-0.33639598354794
730065,-0.172578877490647
730066,-0.0424634149871272
730067,1.52137567455061
730069,0.688469401755936
730070,-0.268076571369989
730071,-0.198652985790368
730072,-0.0949971105070393
730073,0.0844824179676763
730074,-0.432815364731094
740022,-0.08476285988587
740023,-0.20919350872617
740024,-0.189692254189386
740025,-0.186924222293986
740026,-0.0278092004895071
740027,-0.0553253770639333
740028,0.00247371781676275
740029,-0.189933234004693
740030,-0.69156792220511
740031,-1.13511405266632
740032,1.38424195061325
740033,2.94860446665291
740034,2.59396765032746
740035,0.549409862391546
740036,-0.125222918244904
740037,-0.146010588695651
740038,0.160339659832907
740039,-0.86299820301347
740040,-1.23907441381928
740041,-0.89221175635013
740042,-0.383086183531624
740043,0.176511260008235
740044,0.0766640725489369
740045,-0.298192214069422
740046,-0.376224180011554
740047,0.077349717659725
740048,-0.275221251032314
740049,-0.297783756841168
740050,-0.979871027492029
740051,-0.501676118342303
740052,-0.571507701218345
740053,0
740054,0
740055,0
740056,0
740057,0
740058,0
740059,0
740060,0
740061,0
740062,0
740063,0
740064,-0.0967681644448576
740065,-0.227079175279309
740066,0.194623239789827
740067,1.73183461474684
740068,2.32840938288379
740070,0.000404141375504854
740071,-0.0559224033393587
740072,-0.0599277719261955
740073,-0.104393173126971
740074,0.00246761746006746
750022,-0.0555068252248442
750023,-0.114143897115718
750024,-0.162573508823565
750025,-0.115027896027168
750026,-0.0666285995119391
750027,-0.288428695098928
750028,-0.101392134490355
750029,-0.100068874425606
750030,-0.131329165657098
750031,-0.341418621273301
750032,0.645767357397737
750033,2.2039914890115
750034,2.2392278368499
750035,0.50037862328171
750036,-0.131490877057092
750037,-0.345203061758514
750038,-0.0393139223137056
750039,-1.55845665965355
750040,-0.491321006416207
750041,-0.481072659768821
750042,-1.86604923808021
750043,-0.524086599281599
750044,0.031346554781361
750045,-0.0367849799949901
750046,-0.442029223955448
750047,-0.639608438308261
750048,-0.11005408628951
750049,0.0490773801012765
750050,0.134210740037688
750051,-0.476023107964671
750052,-0.464314865246621
750053,-0.247873166545741
750054,0.0027662163966128
750055,0
750056,0
750057,0
750058,0
750059,0
750060,0
750061,0
750062,0
750063,0
750064,-0.0352264101395319
750065,-0.103962714158908
750066,-0.272535344148804
750067,0.662070544581947
750068,1.07600582368508
750069,0.467294988130455
750070,0.0225710153719123
750071,0.0195050954533282
750072,-0.0810482639093593
750073,-0.163684820455442
750074,-0.0877980918974091
760023,-0.191147061679004
760024,-0.0832191577418621
760025,-0.0763627444016824
760026,0.0595913007189934
760027,0.0299778199322885
760028,-0.0218521505208966
760029,0.127227359517914
760030,0.120108164753213
760031,0.0535914076990673
760032,0.00357479263271943
760033,0.20763585126243
760034,0.0127436811793349
760035,-0.0900941451768378
760036,-0.120976933875668
760037,-0.150929883758778
760038,0.144244600536999
760039,-0.6558471988298
760040,-0.0990458112392446
760041,-0.387978605776059
760042,-0.235292736703047
760043,-0.26735543694305
760044,-0.820172649342004
760045,-0.679112162932155
760046,-0.887010451811192
760047,-0.380312266572699
760048,-0.340948465467117
760049,-0.269681166381199
760050,0.978326725652382
760051,0.515397991566829
760052,-0.438505942867602
760053,-0.0814625058247148
760054,-0.0431739545115556
760055,0.0135420677249833
760056,-0.148543394528542
760057,0
760058,0.135398107092005
760059,0.00153079495844637
760060,0
760061,0
760062,0
760063,0
760064,-0.158260959485251
760065,-0.277177662637455
760066,-0.283543182757713
760067,-0.22898356386068
760068,-0.0486563944134081
760069,0.146313075265812
760070,-0.0853651943084497
760071,0.0766783622878247
760072,0.0666428449194334
770023,-0.113675687742079
770024,-0.205316445642129
770025,-0.134796884385106
770026,0.0094954453909954
770027,0.221351096090502
770028,0.0222984314642667
770029,0.0556675912106883
770030,0.0688069156334836
770031,0.0263012182438364
770032,-0.0874727134913103
770033,-0.23241465102328
770034,-0.318535418440644
770035,-0.0834928930150911
770036,-0.0976008679987554
770037,0
770038,-0.090619033710602
770039,-0.402491731605488
770040,-0.278047384782377
770041,-0.166765287686806
770042,-0.19578398592976
770043,-0.33305479707524
770044,-0.238402611964481
770045,-0.441234049630579
770046,-0.699890302675145
770047,-0.584518278819833
770048,-0.539696785669822
770049,0.657826152834686
770050,1.8299988158238
770051,1.38117222891042
770052,-0.0373892198349915
770053,-0.213839975010749
770054,-0.0123834795027813
770055,-0.1179054773477
770056,-0.0680401848921831
770057,-0.043038238985672
770058,0.181337777336377
770059,-0.0253651400737439
770060,-0.103777762791294
770061,0.00895156304274751
770062,0
770063,-0.115692444934914
770064,0.00758847973302372
770065,-0.342423283111656
770066,-0.381058395724311
770067,-0.218726082077815
770068,-0.0390047173805329
770069,0.134303665363025
770070,-0.0662372242436195
770071,0.013247393187284
770072,0.0161166197393839
780023,-0.118549408435955
780024,0.12824610503305
780025,0.111529087481034
780026,1.51531056747833
780027,2.71762118410623
780028,1.46773732932342
780029,0.00541110331082248
780030,-0.0624614479845848
780031,-0.0968970457010457
780032,-0.170999013848876
780033,-0.722910341218822
780034,-0.70732352676781
780035,-0.133447509091852
780036,-0.200587605768486
780037,-0.11430172177864
780038,-0.101747467246803
780039,-0.0989877537922188
780040,-0.084581856481634
780041,0
780042,-0.0967766812898873
780043,-0.122847009660976
780044,-0.131268253002386
780045,-0.0713684554847148
780046,-0.135379475217361
780047,-0.945035962832956
780048,-0.612994040682034
780049,-0.0586825727988023
780050,0.0669336904530846
780051,0.131440191674772
780052,-0.0275278420677206
780053,-0.0412418906900296
780054,-0.0596015664993391
780055,-0.193446736503756
780056,-0.311182608379486
780057,-0.135664152696142
780058,0.167093445567473
780059,0.0437588056527207
780060,-0.0168526046044084
780061,-0.0853761237700965
780062,-0.111144245563139
780063,-0.138362914006772
780064,-0.119149006792191
780065,-0.29513183108221
780066,0.0279411831937113
780067,-0.18327666706702
780068,-0.133154035727019
780069,0.199669959836567
780070,0.117395487548781
780071,-0.0783591640412793
790023,0.533014333645793
790024,2.15252815756733
790025,2.20854791404468
790026,3.05557220705672
790027,3.92873045007295
790028,2.48919852105597
790029,0.0318043213122187
790030,-0.0815296822598885
790031,-0.527933622482453
790032,0.0255646722372395
790033,0.146095866463245
790034,-0.97169790626695
790035,-0.263917664745906
790036,-0.203791135744303
790037,-0.348342758953653
790038,-0.140267478528579
790039,-0.118913958744888
790040,-0.0695278828187832
790041,-0.0766564915840448
790042,0
790043,0
790044,1.62506037203037e-05
790045,-0.10611429815045
790046,-0.102766961585949
790047,-0.184580820773837
790048,-0.379201936292086
790049,-0.302714464837298
790050,-0.587731835054714
790051,-0.473765089711532
790052,-0.299274798361966
790053,0.0394096006626662
790054,0.0655866542936686
790055,0.00209117522251168
790056,-0.148550086515976
790057,-0.25916547535821
790058,-0.221047389755808
790059,0.0495352758412006
790060,-0.0671498275774784
790061,-0.352265398297301
790062,-0.139636096122171
790063,-0.516564460990126
790064,-0.262097470523434
790065,-0.580929853005232
790066,-0.938468641202064
790067,-0.330390072367293
790068,0.174981936677812
790069,1.09567506036216
790070,1.27672845524868
790071,0.246976974912214
800023,0.95622717789982
800024,3.28175965372214
800025,3.34829389542493
800026,2.44240563873891
800027,2.31770234155579
800028,1.2950413977209
800029,0.0452983315663264
800030,-0.290477042325514
800031,0.0227058321508306
800032,-0.103912952379883
800033,0.231651452230428
800034,-1.66017578064508
800035,-0.391313951027589
800036,0.0595876180935333
800037,-0.0121019394759913
800038,-0.0657893434343499
800039,-0.860004782745575
800040,-0.321506728488761
800041,-0.0910979849865674
800042,-0.0986611509021256
800043,-0.111520846722181
800044,-0.685542303627228
800045,-0.109873068834304
800046,-0.211026669459703
800047,-0.340374719920294
800048,-0.403093110956223
800049,-0.162637171207656
800050,-0.122920323746624
800051,-0.251659288279252
800052,0.0951118283582366
800053,0.0146359447403679
800054,-0.218572842007152
800055,-0.0880852318461274
800056,-0.33810646301732
800057,-0.158938960271728
800058,-0.0550727289903499
800059,-0.0447577414919016
800060,-0.0513014349917859
800061,0.0289794166125642
800062,0.0609678248995529
800063,-0.120377286334365
800064,-0.00507103395246709
800065,-0.242585468460114
800066,-0.0739717531922158
800067,-0.334276595672582
800068,-0.0536601632359728
800069,1.43392323177577
800070,1.44258319071062
800071,0.369480046459155
810023,0.131849721393753
810024,1.95538665811824
810025,2.3803445770868
810026,1.07614120476296
810027,0.0841740714802558
810028,-0.222824135006318
810029,-0.204490374736099
810030,-0.124904186403811
810031,-0.135071410057464
810032,-0.285704734417453
810033,-0.131666660341663
810034,-0.536160400739383
810035,0.0455897721998406
810036,-0.0874484288399038
810037,0.199686721431705
810038,0.0819668809437062
810039,-0.039752691915759
810040,-0.196744096546986
810041,-0.412599924983706
810042,-0.291374167152405
810043,-0.299354683206354
810044,-0.128165786985354
810045,-0.143874780001879
810046,-0.567168282589453
810047,-0.56706266367313
810048,-0.324653082342372
810049,-0.323493819262482
810050,-0.100142264231161
810051,-0.0462527408122665
810052,0.162113338588666
810053,0.160376059010235
810054,0.0440580162041061
810055,-0.0751635052790492
810056,6.34787121671169e-05
810057,-0.304920161669672
810058,-0.0903632965901579
810059,0
810060,0
810061,0
810062,0.018025873724662
810063,0.0437593924868732
810064,-0.00593531382537019
810065,0.00302014634302236
810066,-0.0672850760814095
810067,-0.176120784919307
810068,-0.212460301285471
810069,0.577070158350672
810070,0.49187021137366
810071,-0.0714760860439463
820023,-0.540245168910257
820024,-0.0245323686450808
820025,1.09595999159865
820026,1.39207506772535
820027,0.53376072714729
820028,-0.038713744993756
820029,-0.0764330389644571
820030,-0.113794174536784
820031,0
820032,-0.0315299984571387
820033,-0.48412965281633
820034,-1.01113321413785
820035,-0.334450683321407
820036,-0.123344962080179
820037,0.018207357597549
820038,-0.0175803781748242
820039,0.0483343102394221
820040,-0.00700412702744865
820041,-0.0279416603484077
820042,-0.27762672554892
820043,-0.101291363927407
820044,-0.196715512108142
820045,-0.131409445013899
820046,-0.0994426640077822
820047,-0.102550320727977
820048,-0.281139576804143
820049,-0.187413594719643
820050,-0.284595084581185
820051,-0.919559037311806
820052,-0.573190766807265
820053,0.163118843575794
820054,0.0681751537010143
820055,0
820056,0.016033510103415
820057,-0.112601547002951
820058,-0.107779371947543
820059,0.00753797311012382
820060,0
820061,0
820062,0
820063,0.00403916479908242
820064,0.0263083931869898
820065,-0.0473606048680223
820066,-0.191058861857506
820067,-0.0612669802006025
820068,-0.085168152517597
820069,-0.183489108876134
820070,-0.205230090546229
820071,-0.263438993771025
830022,-0.280803050709123
830023,-0.442853580426003
830024,0.145086209199065
830025,1.53421082334486
830026,1.68811539641051
830027,0.656828982318995
830028,-0.123724679560852
830029,-0.0648786554377451
830030,-0.0862130868600752
830031,3.20872422776505e-06
830032,-0.0955623930444678
830033,-0.232415019315587
830034,-0.968136555853232
830035,-0.239187069514144
830036,-0.278640005264636
830037,-0.106048856771631
830038,-0.26781269929872
830039,-0.158889477018407
830040,0.0941091792602741
830041,0.0841269899394898
830042,-0.128885603201811
830043,0.102727872762743
830044,0.0233147042512651
830045,-0.021227959549074
830046,-0.0631918673447459
830047,-0.104003779546224
830048,-0.159235865875853
830049,-0.157321886381916
830050,-0.328647856326458
830051,0.0432089502763015
830052,0.035079150624928
830053,-0.105621623925278
830054,-0.0954976391485749
830055,0
830056,0.0214277847703252
830057,-0.0385972578882377
830058,0.0475067486679042
830059,0.0113666646488705
830060,0
830061,0
830062,0
830063,0
830064,0.0018762096421736
830065,-0.126258596969178
830066,-0.117805070533774
830067,-0.225824063681326
830068,0.0945928974039887
830069,-0.144127274142528
830070,0.000826014292341248
830071,-0.0352485962730219
840021,-0.25294329773969
840022,-0.353865224003463
840023,-0.266002060119215
840024,-0.174534698315192
840025,0.00488222473779942
840026,-0.401394472583217
840027,-0.116779233035958
840028,-0.0682005920450003
840029,0.346621824516878
840030,-0.0255083758872325
840031,-0.135998033486193
840032,-0.0541314414806215
840033,-0.121336787145407
840034,-0.494782149617814
840035,0.0935467624962512
840036,-0.138561436733964
840037,-0.0745963579014489
840038,-0.101007529226604
840039,-0.0393199424837196
840040,0.0667345259465408
840041,-0.156972674815707
840042,-0.644255698934364
840043,-0.0221640027092245
840044,0.00651875749637912
840045,-0.077644178328279
840046,-0.0139936134586822
840047,-0.0590136530578645
840048,-0.136084420361048
840049,-0.147028385680825
840050,-0.157865987118565
840051,-0.155677563711765
840052,-0.0680390511933955
840053,-0.158045189322566
840054,-0.03404544874565
840055,-0.115739441877653
840056,-0.0870423341526838
840057,0.0331957841487297
840058,-0.101002376465777
840059,-0.0660108356025076
840060,-0.122714085143572
840061,0
840062,0
840063,-0.0729667852679554
840064,-0.0826191202107687
840065,0.0213062677051807
840066,-0.173709496677243
840067,-0.0703712054806754
840068,-0.0104229349067519
850020,-0.0996864956011147
850021,-0.287195880930118
850022,-0.259149640561978
850023,-0.129080675786157
850024,-0.13991637765169
850025,-0.352704282148252
850026,-0.314745708490023
850027,-0.0420191692649754
850028,0.173237194696469
850029,-0.0714177048184198
850030,-0.381175375943704
850031,-0.185554743274584
850032,-0.113584305491538
850033,0.0187130659582964
850034,-0.224712115571482
850035,0.438374470424634
850036,0.273856509653981
850037,0.0793554087263151
850038,-0.0559352306822787
850039,-0.138731132603326
850040,-0.00163748026927347
850041,-0.0589897285929958
850042,-0.432432058872792
850043,-0.139192989530397
850044,-0.0920860896353231
850045,0.0887541314177002
850046,0.0233992523474884
850047,0.00979197983753075
850048,-0.0740226286604862
850049,-0.157883187500292
850050,-0.257662763291344
850051,-0.135319470391769
850052,-0.0966579971923773
850053,-0.0981318024794654
850054,-0.213261577052278
850055,-0.0582837406462726
850056,0.191592673323534
850057,0.145881404455586
850058,-0.112168126290009
850059,-0.0931074967269805
850060,-0.0711419248734838
850061,0.0345776964187685
850062,-0.0720748108264488
850063,-0.0835511393763188
850064,0
850065,0.0534932272682305
850066,0.00497471789230759
850067,0.0135683313450223
850068,0.132427154759692
860019,-0.0398206054401954
860020,-0.0702188066590663
860021,-0.10486773736063
860022,-0.23968411176173
860023,-0.334894829020693
860024,-0.246080046104276
860025,-0.336070371333158
860026,1.18679297555787
860027,0.680839155834835
860028,1.23839668669607
860029,0.0927366051188806
860030,-0.0823964132015429
860031,-0.254675153462975
860032,-0.0983787927423141
860033,-0.0402289003008368
860034,-1.00622906907946
860035,-0.0449772858868055
860036,-0.193739253680297
860037,-0.120121048386708
860038,-0.0236601246021749
860039,-0.0776096836397711
860040,-0.138514710082665
860041,-0.134264165766523
860042,-0.183972435904705
860043,-0.253578512573691
860044,-0.120005451323071
860045,-0.267511226200477
860046,0.0355148428811522
860047,-0.00884575678404984
860048,0.034319981368572
860049,-0.187410643740141
860050,-0.249070979251172
860051,-0.106113110395489
860052,-0.086163232316072
860053,0
860054,-0.125156050718555
860055,-0.21122068265364
860056,-0.032585075185647
860057,0.0223801662667873
860058,-0.181151204138638
860059,0.144029283982031
860060,-0.33236596011846
860061,0.137559585917951
860062,-0.0745032935407187
860063,-0.161717449927068
860064,-0.0832127894076803
860065,-0.0885875170606278
860066,0.140295515384048
860067,0.175453203598267
860068,0.077283223862413
870018,-0.32516200369473
870019,-0.0581410266124485
870020,-0.0835928409163552
870021,-0.305236155775854
870022,0.0942675290332043
870023,0.0314868853379124
870024,0.0460186500454228
870025,-0.140761117647125
870026,2.04940693736158
870027,3.011384654765
870028,2.30955227360276
870029,0.0732194873418346
870030,-0.137591293413358
870031,0.0384693275808834
870032,-0.105431238760179
870033,-0.247446964144445
870034,-0.249649417881549
870035,-0.566909675836728
870036,0.108567875211543
870037,-0.307137898570992
870038,-0.00857169213561586
870039,-0.0762006765948139
870040,-0.0941331791167925
870041,-0.0390683150377429
870042,-0.113936223163869
870043,-0.2035226706439
870044,0.151012267243135
870045,0.030429221162096
870046,-0.0407173775101725
870047,-0.0490637359212837
870048,-0.140720768915084
870049,-0.243205573678914
870050,-0.18485854195143
870051,-0.0915189826610573
870052,-0.079255448225176
870053,0
870054,0
870055,-0.097161642910214
870056,-0.0043904081588076
870057,-0.0350411983951729
870058,-0.0913327492548906
870059,0.0424521062245731
870060,-0.0617636919549993
870061,0.191449382521444
870062,-0.0555042223024672
870063,0.0210591451776879
870064,0.0286009074110366
870065,-0.0645464829759785
870066,0.0535500278175257
870067,-0.0255088919454149
870068,-0.39498612029208
880017,-0.218423345397508
880018,-0.175209298699089
880019,-0.0680357068295301
880020,-0.0279406743852166
880021,0.209644837164452
880022,0.518868255598194
880023,0.25689752628383
880024,0.0927646841517732
880025,-0.924273034310747
880026,0.826629913017857
880027,2.41127228532659
880028,2.04455154687454
880029,0.0931024911980509
880030,-0.011339136295142
880031,0.0505339349825131
880032,-0.0869957809102871
880033,-0.132804233620625
880034,-0.0846227011521782
880035,-0.270731459132091
880036,-0.0339434393334867
880037,0.375870752230624
880038,1.11555530845221
880039,0.81010860036189
880040,-0.0745432366368979
880041,-0.106338079747652
880042,-0.0578783094719955
880043,-0.528487351392976
880044,0.0218278063905477
880045,-0.0844773284073232
880046,-0.0350858728103102
880047,-0.0432815309975323
880048,-0.253987280688524
880049,-0.659378221974414
880050,-0.0723887381767606
880051,-0.0878765864976978
880052,-0.0744766159152116
880053,0
880054,0
880055,0
880056,0.00217393911919294
880057,-0.0731314312547165
880058,-0.215142723464409
880059,-0.121322604883123
880060,-0.236583251947911
880061,0.186385611529266
880062,-0.311126595430705
880063,-0.0910566775878517
880064,-0.112843004804745
880065,-0.379630685829586
880066,-0.174740721347215
880067,0.0655810110360628
880068,-0.140778480704026
880069,-0.137159915020794
890016,-0.0765180508119744
890017,-0.286521052170951
890018,-0.337755707963148
890019,0.0156304204492675
890020,0.0237447505336063
890021,0.312827446746297
890022,0.530981817685313
890023,0.414363995566765
890024,-0.0312464150154476
890025,-0.389649036227533
890026,0.417031430894638
890027,1.43948541028703
890028,1.37001017189989
890029,0.0916496736387449
890030,-0.0121134009561563
890031,0.0406537119695281
890032,-0.153800615419527
890033,-0.0872080118416329
890034,-0.0311312542341618
890035,-0.0355016587100407
890036,0.106249678888154
890037,1.12293238682681
890038,1.68179874921364
890039,1.32319451572306
890040,0.141902171263464
890041,-0.0779165505534554
890042,-0.116850666513463
890043,-0.17185659520555
890044,-0.0656817430867834
890045,-0.265693869780292
890046,-0.00828668544087112
890047,0.0194495092245508
890048,-0.194169087797057
890049,-0.0657793931270785
890050,-0.0674012814735524
890051,-0.0805024121334002
890052,-0.0693875212281319
890053,0
890054,0
890055,0
890056,0
890057,0
890058,-0.0445346613501378
890059,-0.0644228655947979
890060,0.0851642379889175
890061,0.206146652218568
890062,0.0872880530273965
890063,0.0043330722935826
890064,0.0815622903071847
890065,-0.0506841898341373
890066,-0.0846539134392006
890067,0.00219795132981314
890068,-0.146996634131041
890069,-0.104107111608829
900016,-0.0597923734891972
900017,0.0855946285143112
900018,-0.00140032584313826
900019,-0.140185904712717
900020,0.0885734078599673
900021,-0.0171938858496663
900022,0.105668518053512
900023,0.033338788618894
900024,-0.163522339027036
900025,-0.788893822180098
900026,-0.498059257774293
900027,-0.532642283236167
900028,0.10963273852303
900029,0.443875468349353
900030,-0.274591422024058
900031,-0.192468246680459
900032,-0.0395734194650004
900033,0.150759130313038
900034,0.20307173958039
900035,0.278329106321373
900036,0.171673726096543
900037,0.810584677548495
900038,1.02166465806505
900039,0.686274323819095
900040,-0.0411243174450967
900041,-0.13980553867568
900042,0.0750122379346811
900043,0.217902707470061
900044,0.0321858385003251
900045,-0.136618872141314
900046,-0.0219220324871176
900047,0.0949407280942733
900048,0.191648603895144
900049,0.18796457094585
900050,-0.0550030304811134
900051,-0.109512559119691
900052,-0.0678201914450433
900053,0
900054,0
900055,0
900056,0
900057,-0.013085579471875
900058,-0.099472865746989
900059,-0.0837235505472317
900060,0.0515903604797197
900061,0.19971610562228
900062,0.438375410564295
900063,0.0384474409200466
900064,0.957032188368915
900065,0.515068587861087
900066,-0.11040341734417
900067,-0.0401059687526043
900068,-0.0908960474984537
900069,-0.129233401597512
900070,0
910015,0.0217906276126755
910016,0.0271084627369946
910017,-0.151968482154159
910018,0.168644762052377
910019,-0.7784867888654
910020,-0.329234905758084
910021,0.00206210144587857
910022,1.23882237169931e-06
910023,-0.0164968001995787
910024,-0.117739124347043
910025,-0.323381236643633
910026,-0.462212864703987
910027,-0.51642041754843
910028,1.17797034145455
910029,1.12820074084694
910030,0.252253426748483
910031,-0.146995782104195
910032,0.0255200448344256
910033,-0.00224782027262765
910034,0.305243752135717
910035,-0.305825439240729
910036,0.208008871397054
910037,-0.0431135952993907
910038,-0.138193978765023
910039,0.302302967524121
910040,0.304531471069697
910041,-0.0634207287597692
910042,0.957236944315071
910043,1.42768910799577
910044,1.32496641171438
910045,0.0852468518777083
910046,-0.0838558165476025
910047,-0.0165435945059448
910048,-0.109342387955845
910049,0.0660860821869581
910050,-0.258266752442587
910051,-0.137736475153516
910052,0
910053,0
910054,0
910055,0
910056,0
910057,0
910058,0
910059,0
910061,0.0739657126986894
910062,0.190175993604982
910063,1.63065932566127
910064,1.77395600862276
910065,1.11358152836943
910066,-0.043892776219059
910067,-0.0682583587815526
910068,0
910069,-0.103706825257387
920015,0.00189757034255151
920016,-0.128264483480602
920017,-0.140055901030067
920018,-0.0637163233183325
920019,-0.290735603541451
920020,-0.471736053138901
920021,-0.0899005647103322
920022,-0.166393488166451
920023,-0.115927585369582
920024,-0.0725017875660027
920025,-0.0305778826444836
920026,-0.0979089285152274
920027,0.00822973000975546
920028,1.26354451436083
920029,0.796495685810768
920030,0.638897128240749
920031,-0.31129059692608
920032,-0.0301733998796261
920033,-0.0099004294397812
920034,0.230971188386981
920035,-0.0994637897934333
920036,0.0451506318529891
920037,0.109567219939042
920038,0.476426591487678
920039,1.24417457837745
920040,1.54761015997391
920041,0.522910475728588
920042,1.38810789900927
920043,2.26305304651436
920044,1.59372672955344
920045,0.148585273601881
920046,-0.113619292544846
920047,-0.0497912894875481
920048,-0.45747900708283
920049,-0.0968118661492959
920050,-0.120275186139248
920051,-0.0888394226488534
920052,0
920053,0
920054,0
920055,0
920056,0
920057,0
920058,0
920060,-0.0835998612879251
920061,0.228855855476908
920062,0.0943372593159143
920063,1.12131966745363
920064,1.51982226153096
920065,0.32153381858296
920066,-0.130004864328233
920067,-0.0691008418593455
920068,-0.259864947810108
920069,-0.421233578479159
930015,0
930016,-0.102460581645685
930017,-0.156150523541375
930018,-0.0854691467255465
930019,-0.0644185445780563
930020,-0.105885422599399
930021,-0.182213385842187
930022,-0.10419417573624
930023,-0.106024583156253
930024,-0.0276439521257968
930025,0.00627351253017341
930026,-0.162516564499197
930027,-0.311533155901664
930028,0.895309915695097
930029,0.647655762850947
930030,0.441396132413723
930031,-0.0228800157778914
930032,-0.179514028064599
930033,0.108433006287759
930034,-0.221151469600792
930035,-0.549545326995709
930036,-0.424507019347983
930037,-0.0482140190001943
930038,0.656445439500062
930039,1.33013741795946
930040,1.72058748082442
930041,0.844648074157613
930042,0.85741702910316
930043,0.914129538536285
930044,0.607601084519717
930045,-0.094259581189518
930046,0.0623501673233897
930047,0.131423649085241
930048,-0.215002134823776
930049,-0.0193522467483317
930050,-0.080021335273652
930051,-0.0889027018761259
930052,-0.0780259231712747
930053,0
930054,0
930055,0
930056,0
930060,0.0692730191291617
930061,0.164059820099231
930062,0.179585716862864
930063,0.182386667427829
930064,0.122995950845754
930065,0.0201909246434002
930066,-0.268541343616966
930067,-0.02133949559305
930068,-0.516561928581031
930069,0.0308581121045084
940014,-0.0861927066587032
940015,-0.111950164870587
940016,-0.142160270560364
940017,-0.105106855375435
940018,-0.088561077326963
940019,-0.0747928793038705
940020,-0.0639295139161279
940021,-0.158105956757421
940024,-0.0657781053176316
940025,-0.0468629664946443
940026,-0.457166338355708
940027,-0.181741126830608
940028,0.321067293541803
940029,-0.0276895211622372
940030,0.323015906915869
940031,-0.199958732499493
940032,-0.157944148178886
940033,-0.172319958244842
940034,-0.167094251472631
940035,-0.0679138304926525
940036,-0.171034918742855
940037,-0.106636059936698
940038,-0.0576843971445332
940039,0.851013763979994
940040,0.942958681462438
940041,0.163085141074844
940042,0.267485686312919
940043,-0.184674240537839
940044,-0.12386281478527
940045,-0.164560119815541
940046,0.0952616435732079
940047,0.192036716859915
940048,0.233147840104543
940049,0.0747954323417629
940050,-0.0762886987772835
940051,0
940052,0
940053,0
940054,0
940055,0
940056,0
940060,0.0486219390958379
940061,0.0718469752542969
940062,0.119219138196753
940063,0.0717454131157466
940064,0.0883666970202894
940065,-0.0968828861215445
940066,-0.0253203517829848
940067,-0.270086210090442
950014,-0.101811381514988
950015,0.0527600884740308
950016,-0.432528813190365
950017,-0.0986907217478662
950024,-0.147586168820982
950025,-0.204242900163115
950026,-0.175182102240887
950027,-0.0499307161019627
950028,0.483338734626753
950029,-0.490586223445605
950030,0.101282692697632
950031,-0.050274738519128
950032,-0.245220937019723
950033,-0.38713107049942
950034,-0.189950020330192
950035,-0.0711215785831655
950036,-0.198317488595945
950037,0.0121103111581937
950038,0
950039,0.17918814261994
950040,0.537503704930364
950041,-0.133313410886879
950042,0.199771287614677
950043,-0.28566468058359
950044,-0.0872701003214634
950045,-0.0813968743698208
950046,0.0159998396602044
950047,-0.247219538708302
950048,0.28591883514567
950049,0.00207039057374023
950050,0
950051,-0.0607431156907283
950052,-0.0480647594365709
950053,-0.0713099145452592
950054,-0.0247158398284838
950055,0
950056,0
950067,-0.0855718607627133
960014,-0.0725026580406452
960015,-0.223624477571301
960016,-0.00144771572740832
960017,-0.0883227395421569
960024,-0.105714667828308
960025,0.040015355809655
960026,-0.0375648023391747
960027,-0.184098629708475
960028,0.35347330622685
960029,-0.246022697893061
960030,0.530629136917581
960031,0.0910757578714136
960032,-0.103608565667086
960033,-0.171398119226056
960034,0.012415017057127
960035,0.0581758787207332
960036,-0.263819437902853
960037,0.153426234008071
960038,-0.072005126185199
960039,-0.0356593473490325
960040,0.127659864492362
960041,-0.166405824148873
960042,-0.359475756597835
960043,-0.323129698579116
960044,-0.269146595941122
960045,-0.0791582483022599
960046,-0.450991341141428
960047,-0.267545924659647
960048,-0.0704146668063721
960049,-0.0820942891621489
960050,0
960051,0
970014,-0.1640142174593
970015,0.0195609168747547
970016,-0.216750332693291
970024,-0.08895498770315
970025,0.0705680073566661
970026,-0.0763595461731045
970027,0.0035832757231144
970028,0.133885829023716
970029,-0.110957102172651
970030,0.0717059555162712
970031,-0.0944080485489722
970032,-0.0795989361837815
970033,-0.0828435891859041
970034,-0.104996750316567
970035,0.0231054412834855
970036,-0.0698836265009547
970037,-0.100647886851795
970038,0.0436991804844401
970039,-0.155646333598879
970040,-0.234147312234544
970041,-0.509002604302918
970042,-0.104262520039124
970043,-0.0982536832295643
970044,0.0372538217123558
970045,-0.217716209077391
970046,-0.520257819205196
970047,-0.0799654311544263
970048,-0.0852459261823545
970049,-0.0762167774117215
970050,0
970051,0
980014,-0.0736915758727203
980015,0.0285726690407135
980024,-0.11292671697869
980025,-0.256496863204358
980026,-0.286207863335675
980027,-0.17275057868469
980028,-0.213975293279206
980029,-0.386665722313028
980030,0.0492818179000647
980031,0.000892299121268702
980032,-0.0925717682192382
980033,-0.078069819431397
980034,0.000296589221447666
980035,-0.0369059450810782
980036,-0.0671150095416385
980037,-0.451016565163503
980038,-0.124064182441756
980039,-0.110597372513544
980040,-0.0999742617231103
980041,-0.255047743498984
980042,0.10802717533353
980043,-0.042600361111706
980044,0.029020475071646
980045,-1.42004085052538
980046,-0.275006687813882
980047,-0.0614238512522772
980048,-0.0752494878574795
980049,0
980050,0
980051,0
990013,-0.0961488114060771
990014,-0.0950068555315218
990015,-0.133747623003731
990023,-0.0725415588902354
990024,0.00566335002484875
990025,0.0441471760029908
990026,-0.184925821576134
990027,-0.00579713463182341
990028,-0.255035908675647
990029,-0.713037539079487
990030,-0.0485250775967493
990031,-0.0368259518388856
990032,-0.0516943527729817
990033,-0.0949283052023207
990034,-0.0966483654597166
990035,0.0423081069256895
990036,0.116300258214817
990037,-0.0529277531377625
990038,-0.0126524202467919
990039,-0.133023514575054
990040,-0.0628632898905638
990041,-0.476380251517522
990042,0.108332079253323
990043,0.086116638468255
990044,-0.191231423656735
990045,-0.545331911075709
990046,-0.0111594522474171
990047,-0.0394007006068404
990048,0.0575463543274461
990049,0.00577586971496509
990050,0
990051,0
1000013,-0.114121452914414
1000014,-0.130579594213821
1000015,-0.110323502264058
1000021,0
1000022,0
1000023,-0.0895004240474077
1000025,-0.0611055064555016
1000026,-0.0630753062075984
1000027,-0.0954048227147289
1000028,-0.130688258926324
1000029,-0.272540946827264
1000030,-0.0854273727852072
1000031,-0.188418057726833
1000032,-0.114718117608885
1000033,-0.168712254776672
1000034,-0.112241976701471
1000035,0.0445858393431568
1000036,0.0689744449208444
1000037,-0.00969132909670078
1000038,-0.0518622315610181
1000039,-0.0229990686822701
1000040,-0.0312402772416319
1000041,-0.0315649797041512
1000042,-0.398606073561583
1000043,-0.0434286087226551
1000044,-0.246931514410835
1000045,-0.351211936899527
1000046,-0.00472927596690677
1000047,0.0758898796232432
1000048,0.0429999510417805
1000049,0.0222568842863039
1000050,0
1000051,0
1010013,-0.0994134007373063
1010014,-0.078070854041143
1010021,0
1010022,0
1010023,-0.167514864547289
1010025,-0.468747469607723
1010026,0.0273799669327369
1010027,-0.242853877479131
1010028,-0.165733288120154
1010029,-0.180877200719024
1010030,-0.227632580514934
1010031,0.0154666348969335
1010032,-0.0826135244551231
1010033,-0.271580287012971
1010034,-0.0501915059715483
1010035,-0.0535111367041909
1010036,0.0385233366983474
1010037,-0.0583776607421292
1010038,-0.14862026890281
1010039,-0.0615826211136018
1010040,-0.151689539757836
1010041,-0.0864621300560165
1010042,-0.0306794138782063
1010043,-0.325474496829359
1010044,-0.0218930499360634
1010045,0.255093418973263
1010046,-0.120731653547193
1010047,-0.0576451748832464
1010048,-0.219355511702396
1010049,-0.0881025098484853
1010050,-0.0712023797383964
1010051,-0.0751566683863257
1020012,-0.101414369319076
1020013,-0.00572199106139553
1020014,-0.119707628387052
1020025,-0.0622439474292458
1020026,0.0188052646531657
1020027,-0.160247012508403
1020028,-0.0807453269861509
1020029,-0.0539808264902499
1020030,-0.346362486667293
1020031,-0.472988998949883
1020032,0.314474312412083
1020033,0.154043595411781
1020034,0.192623508676901
1020035,-0.24665002345094
1020036,0.0264689627392008
1020037,-0.0349137668889634
1020038,-0.151519041249403
1020039,0.15283051870136
1020040,-0.105205364567793
1020041,-0.0817630306019949
1020042,-0.0554632543657005
1020043,0.424150890640847
1020044,1.11960789887823
1020045,2.73432829285619
1020046,1.29138047061873
1020047,-0.2013163234991
1020048,-0.113781763032208
1020049,-0.0426815739029214
1020050,0.0131801918321015
1030012,-0.110490691360244
1030013,-0.0115186163539146
1030025,-0.0785604498997916
1030026,-0.0239474769405902
1030027,-0.512321402900126
1030028,-0.386640168885459
1030029,-0.0597845901742508
1030030,0.170713645327291
1030031,-0.937108143633844
1030032,0.0329974387378144
1030033,0.678231419343051
1030034,0.584841322613257
1030035,-0.295210089822813
1030036,-0.181991439230179
1030037,-0.290110726918599
1030038,-0.463463570406758
1030039,-0.0143205747836988
1030040,-0.0839815865196835
1030041,-0.258285561249498
1030042,-0.12474332124308
1030043,0.313090584220252
1030044,2.35874786669547
1030045,3.83216594990747
1030046,2.59771558229539
1030047,0.489685872542906
1030048,0.047608555169224
1030049,0.122637211983211
1030050,0.0852859927876084
1040012,-0.13471680678419
1040013,-0.154426376360818
1040014,-0.0926920241361891
1040025,-0.102822056546678
1040026,-0.0638296275683849
1040027,-0.0951334153525309
1040028,-0.193105589425507
1040029,-0.173055358845837
1040030,0.0396694400890868
1040031,0.208826659667639
1040032,0.263282122204768
1040033,-0.605941653644619
1040034,0.434225803472907
1040035,-0.0243990831069207
1040036,-0.106599593358029
1040037,0.0390137432065437
1040038,0.341301192983306
1040039,0.429228117376079
1040040,0.24254303681985
1040041,-0.0094205360814183
1040042,-0.0834797731929956
1040043,0.0751889590589442
1040044,1.03489975431944
1040045,2.46245854768382
1040046,1.47866820592623
1040047,0.239668579120276
1040048,0.0276081790392386
1040049,0.0171715702207405
1040050,0.016565424902474
1050011,-0.0936664868031658
1050012,-0.180707923254272
1050013,-0.0364828354105898
1050014,-0.0918398989095463
1050025,-0.0973974630397882
1050026,-0.0896347960517011
1050027,-0.15094035969108
1050028,-0.234178935101569
1050029,-0.184015064331292
1050030,-0.216043801454262
1050031,-0.101533644154643
1050032,0.269360143534377
1050033,0.204366890107849
1050034,-0.454323329315793
1050035,-0.480251158181677
1050036,-0.613955195044471
1050037,-0.300836392544804
1050038,0.102939088917259
1050039,-0.571100020978425
1050040,-0.0903671617424161
1050041,-0.411359448172317
1050042,-0.0744879034835592
1050043,-0.101056580195229
1050044,-0.110668060505632
1050045,-0.0772809728271638
1050046,0.369188110061439
1060011,-0.0387902960045019
1060012,-0.0217600103723142
1060013,-0.0640465117296467
1060014,-0.077928802037388
1060025,-0.125458496170475
1060026,-0.106994254821504
1060027,-0.265407971837168
1060028,-0.18257979417831
1060029,-0.106797981908794
1060031,-0.136829516364082
1060032,-0.113197942154963
1060035,-0.703004640142479
1060036,-0.484468797693089
1060037,-0.0999375415098436
1060038,0.197580533404811
1060039,0.217453169234552
1060040,0.138105556080127
1060041,0.0158302080487493
1060042,-0.040072994533387
1060043,-0.148440653991544
1060044,-0.299971224754361
1060045,-0.314796741921746
1060046,-0.168647197680618
1070011,0.0359241886512581
1070012,-0.00498906001664506
1070013,0.0255082578507412
1070028,-0.043181568154663
1070029,-0.132913313326467
1070030,-0.169014741144928
1070035,-0.223227800824094
1070036,-0.466141142060396
1070037,-0.283480173215794
1070038,0.037853619697105
1070039,-0.093663700850084
1070040,-0.103406078143182
1070041,-0.458803509931983
1070042,-0.197894162498705
1070043,-0.122528451478369
1070044,-0.109324836184705
1080011,-0.0078128884665966
1080012,0.160500313611697
1080013,0.000408130032612572
1080030,-0.0536241740610058
1080036,-0.144143142593939
1080037,-0.13937738679396
1080038,-0.152423078199342
1080039,0.364955220298519
1080040,0.0543403947731723
1080041,-0.212246296265564
1080042,0.098282464222077
1080043,0.067373890231688
1080044,-0.523770201071246
1090011,-0.0928921843447071
1090012,-0.118201795354547
1090013,-0.109981612082971
1090030,0.0049787234311905
1090036,-0.169914844880806
1090037,0.161396984165842
1090038,0.248235989621442
1090039,-0.0607015436030159
1090040,0.181121757125863
1090041,-0.233210192110284
1090042,-0.225078062394652
1090043,-0.14263474206828
1090044,-0.208899285985544
1100011,-0.0918181068282933
1100012,-0.107481801281448
1100013,-0.145028151526881
1100036,-0.183449333124463
1100037,-0.190785967582407
1100038,0.0772623162518901
1100039,0.157679188247781
1100040,0.842242467783272
1100041,1.40918867424307
1100042,0.941480675963792
1100043,-0.224446725275611
1100044,-0.0464299496362565
1110011,-0.0929840111915326
1110012,-0.101742893478959
1110013,-0.0856034535474996
1110014,-0.106171556736599
1110015,0.0347288485406102
1110038,-0.207905406585375
1110039,-0.115301496491086
1110040,1.21428399294388
1110041,0.715124637520318
1110042,1.29505280983979
1110043,0.0905385654957861
1110044,-0.105567306784388
1120011,-0.0922421979684799
1120012,0.00515653188967005
1120013,-0.11050678269301
1120014,-0.0306106533319417
1120039,-0.32032409565164
1120041,1.14313541586082
1120042,0.518405427342487
1120043,-0.212165003143776
1120044,-0.438456448788822
1130012,-0.0993564922494878
1130013,-0.195488449767724
1130041,-0.0187854160010479
1130042,-0.948297679862472
1130043,-0.739780303896511
1140012,-0.0956181760423043
1140013,0.144999105199497
1150012,-0.0976225158448673
1150013,0.144041282240418
1160013,0
1170013,-0.11152564575844
1170014,0
1180014,0
1180015,-0.111523445997505
1180016,-0.0890794634809307
1190014,-0.0955045838447283
1190015,-0.131777538162477
1190016,-0.102206200431543
1190017,-0.0896581376423358
1200015,-0.128360076725058
1200016,-0.072613895694533
1200017,-0.0782302638071778
1200018,-0.0884093306395228
1210016,0.222528196173314
1210017,0.112871420320125
1210018,-0.0704549766070968
1220017,0.23289658929655
1220018,-0.0510561483339142
1220019,-0.135451572992824
1230018,-0.105555934635291
1230019,-0.028633230842906
1230020,-0.100303568661085
1240018,-0.0977491148405207
1240019,-0.139315193766334
1240020,-0.135962985032696
1250019,-0.136005235837219
1250020,-0.180381611992748
1260020,-0.124807491558868
1260021,0.0350446113574317
1270020,-0.098226264663268
1270021,0
1280021,0
1290021,-0.106364450329394
1290022,-0.161833189641995
1300022,-0.12585964592209
1310022,-0.11056631116969
1320022,-0.132368103326828
1330022,0
1340022,0
1350022,-0.0934856211599697
1350023,0
1360022,-0.0961829076344855
1360023,-0.143390497702624
1370022,-0.0948938647801338
1370023,0
1380023,-0.0691750564345471
1380024,-0.119477119475348
1380027,0.0224176819219816
1380028,-0.0353009966169357
1390023,-0.104933065551097
1390024,-0.272220588315476
1390025,0.0725292004505856
1390026,-0.0374151735010071
1390027,-0.0200650609671933
1390028,-0.0762787698372732
1390029,0
1400023,-0.0929411659273795
1400024,-0.143340285303533
1400025,-0.0053083520460092
1400026,-0.100715816997231
1400027,-0.126889720875215
1400028,-0.0870237813434562
1410024,-0.0979968784059227
1410025,0.00700080885303047
1410026,-0.171224897705584
1410027,-0.0901711914217017
1410028,-0.11305806299043
1410029,-0.114444708298338
1420025,-0.0944008888002417
1420026,-0.205974182320177
1420027,-0.186658490340198
1420028,-0.115470682184545
1420029,-0.126029674903206
1420030,-0.114559857047093
1420031,-0.0689066760298703
1420032,0
1430026,-0.127163137827747
1430027,-0.174662336843805
1430028,-0.564952216290453
1430029,-0.144588049617528
1430030,-0.163016745338924
1430031,-0.0995967493771168
1430032,-0.0701598428700605
1440027,-0.155441582670183
1440028,0
1440029,-0.226997896796946
1440030,-0.132191279838211
1440031,-0.0764207497326251
1440032,-0.00438421055360789
1450028,-0.101653862659974
1450029,-0.152792260344619
1450030,-0.164944355115226
1450031,-0.219295449124218
1450032,-0.00666055993836656
1450033,-0.0816115356078037
1460029,-0.09795558851685
1460030,-0.0788991313362114
1460031,-0.211994746851394
1460032,-0.0196966379642644
1460033,-0.108910198092292
1460034,-0.103842365101225
1470030,-0.0934355024244081
1470031,-0.166832940241606
1470032,-0.210736927945935
1470033,0.0458839951448548
1470034,-0.0808581387428031
1470035,-0.0924507777163736
1480032,-0.114046799442959
1480033,-0.0132706773428572
1480034,0.0764368478873384
1480035,-0.0920901740847416
1480036,-0.0924074757829448
1490033,-0.0619098862670059
1490034,-0.0555466940687832
1490035,0.00201640486514767
1490036,-0.100299972553015
1490037,-0.0966719031988111
1500034,-0.17704181581585
1500035,0.0685049740181027
1500036,-0.162395835778636
1500037,0.0153008184334893
1510035,-0.103165135304448
1510036,-0.127551015358561
1520036,-0.0879982029103287
